digit1,acc1X,acc1Y,acc1Z,gyro1X,gyro1Y,gyro1Z,rot1X,rot1Y,rot1Z,mag1X,mag1Y,mag1Z,sequence
7,0.90388876,5.2893343,8.043473,0.3827068,0.074067354,0.2376264,0.17019989,-0.23334444,-0.7295151,9.675,34.2,32.925003,7
7,0.8937074639611516,5.286296613946941,8.03511077134445,0.3827068,0.074067354,0.2376264,0.1808125785662251,-0.2376546586700655,-0.7121633885904326,9.682587099749467,34.20131663990633,32.93773669630743,7
7,0.895374016929553,5.275145580051723,8.07173875665847,0.3827068,0.074067354,0.2376264,0.1780951151818741,-0.2323073908568355,-0.7246489451171585,9.652995247396351,34.20783565075103,32.92667449007297,7
7,0.911628628714902,5.293464486974401,8.026150951712983,0.3827068,0.074067354,0.2376264,0.1747504161228317,-0.2470512033684603,-0.7345079048451085,9.676774651838334,34.20695519167346,32.89517236596606,7
7,0.8983418745488704,5.285841633166636,8.034797344293539,0.3827068,0.074067354,0.2376264,0.1574557105165753,-0.2254596825345393,-0.7271796306852314,9.675291810515924,34.20869761978749,32.92260746167949,7
7,0.9154296067667504,5.287609035720354,8.038782573059942,0.3827068,0.074067354,0.2376264,0.172776823979257,-0.2242523120807229,-0.7294068664805073,9.680016019110072,34.204643443013175,32.93256628155843,7
3,2.5525436,5.983253,7.4859457,0.38423395,-0.46517354,0.2771799,0.32758456,0.06444946,0.45781994,15.825001,21.84375,15.69375,3
3,2.556848029374205,5.97849656250474,7.47391817475295,0.38423395,-0.46517354,0.2771799,0.3195186113664177,0.0615946413199546,0.4497392852349624,15.833931195444952,21.841908131395645,15.693853835087282,3
3,2.5711679657272333,5.985095894840124,7.477584981969911,0.38423395,-0.46517354,0.2771799,0.324353042081785,0.074164771158033,0.4439652958180797,15.817198196495456,21.83045851413151,15.699852469680671,3
3,2.550764640686691,5.995318683925381,7.500823536058749,0.38423395,-0.46517354,0.2771799,0.3354965642731903,0.0659455863790253,0.4572214602294754,15.826622139508334,21.846509499177436,15.68706928227832,3
3,2.5400873262116095,5.970768365377156,7.501133299558434,0.38423395,-0.46517354,0.2771799,0.3289697991776684,0.0509142734997159,0.4543218135817161,15.82772963749297,21.838809432533285,15.680969976834028,3
3,2.5594861291026287,5.973902980709963,7.498226767936884,0.38423395,-0.46517354,0.2771799,0.3131789046081027,0.0434892210417458,0.4432042201987071,15.834446509099422,21.845162781496818,15.708217284627576,3
5,2.129014,5.7966127,7.6163545,0.18723005,-0.21395539,0.035124727,0.29539785,0.061704807,0.43321133,13.931251,20.625,15.000001,5
5,2.137562443311436,5.7907870927445195,7.606707732263943,0.18723005,-0.21395539,0.035124727,0.2992194739264854,0.0536849802474636,0.4220080120393233,13.92481431445289,20.61836482328304,14.997361619700722,5
5,2.13609775169414,5.820601730478688,7.617260747966186,0.18723005,-0.21395539,0.035124727,0.2925985568191291,0.0634774041481402,0.4265150397050569,13.933820689193803,20.62634653279942,14.99005469182204,5
5,2.1365896997746323,5.812059700219725,7.627990259131208,0.18723005,-0.21395539,0.035124727,0.3115182486153629,0.0636857116418185,0.4260349919736909,13.93671681335314,20.628868171860095,15.017072631911285,5
5,2.1317923147130897,5.800967076872124,7.617163324069764,0.18723005,-0.21395539,0.035124727,0.2977172494715437,0.0617394513938277,0.4276751254416118,13.92834171104659,20.60812712665514,14.991010169643529,5
5,2.139415900187412,5.7973363384362635,7.618745847400633,0.18723005,-0.21395539,0.035124727,0.2893601151277493,0.0646824425622283,0.4352468834278195,13.940800354332737,20.627467219636003,14.975252664448355,5
9,3.1004999,6.068198,7.05105,-0.08353576,0.21670428,-0.022143848,0.3409977,0.040808614,0.4435161,11.512501,19.03125,15.093751,9
9,3.097361962861035,6.048756810465509,7.056020381533727,-0.08353576,0.21670428,-0.022143848,0.3526730274337341,0.040537114599309,0.4327025009248008,11.525367831178334,19.02692628609952,15.101839439435004,9
9,3.0902947862540637,6.05904792357853,7.046102900152793,-0.08353576,0.21670428,-0.022143848,0.3608668136199744,0.0461952939487158,0.4423208207545817,11.527242554125523,19.062562251283595,15.088324377298209,9
9,3.0868647189965897,6.066480054792448,7.053156808101938,-0.08353576,0.21670428,-0.022143848,0.3369613426315976,0.0334197193075571,0.4429564986076289,11.518764673150464,19.023887539917364,15.092339838975567,9
9,3.1029315323463136,6.071056297605765,7.068227182468702,-0.08353576,0.21670428,-0.022143848,0.3255185286551,0.0490833975181617,0.4435610222606244,11.512004092870832,19.028841701852308,15.101782463675814,9
9,3.0893757126079815,6.068060889868983,7.049926419224826,-0.08353576,0.21670428,-0.022143848,0.3292988246097257,0.0506510312668296,0.4371184561928053,11.516573097065624,19.02716001514987,15.085884920788226,9
6,1.861616,5.6333027,7.5720873,0.18692462,-0.31627524,0.08307761,0.32603866,0.053699385,0.44821715,12.731251,19.81875,13.856251,6
6,1.866445729162887,5.629918183371514,7.57248982444207,0.18692462,-0.31627524,0.08307761,0.3432994821825438,0.0500450456420655,0.4678372531271942,12.744291263898743,19.83730435382472,13.85449161498262,6
6,1.8573407096760837,5.625521177620805,7.552310543141396,0.18692462,-0.31627524,0.08307761,0.3371597949931069,0.0529619439577002,0.4550893660723589,12.731593489212475,19.826894027238907,13.843476607925432,6
6,1.8637409715697644,5.631501185161012,7.598145232162747,0.18692462,-0.31627524,0.08307761,0.3384648834275297,0.0542749319953369,0.4404186257237437,12.713921866027215,19.813693869662117,13.864185095857398,6
6,1.865978978434794,5.633142765029816,7.576994963107749,0.18692462,-0.31627524,0.08307761,0.3407928399083556,0.0620880939667922,0.4349522968109541,12.7372569682843,19.8201464253748,13.847529145146906,6
6,1.8556601107079151,5.618316120446181,7.56108094402866,0.18692462,-0.31627524,0.08307761,0.3185791109500592,0.0445224183510652,0.4492240677992683,12.7407849997038,19.8124553799693,13.86332212095902,6
4,2.0338993,5.6745787,7.600203,0.018173227,0.017104214,0.0009162972,0.32160297,0.052665852,0.44589442,11.231251,19.03125,14.212501,4
4,2.03862836467588,5.674875123236798,7.613044397059249,0.018173227,0.017104214,0.0009162972,0.3285188790246753,0.0407794787825185,0.4452015906075992,11.237972446816569,19.013263739642912,14.198394145485508,4
4,2.04323886898155,5.694525200332549,7.602981029129467,0.018173227,0.017104214,0.0009162972,0.3200724957050833,0.0608002823986607,0.4559446519068674,11.221345974731854,19.04070349123905,14.212471069057598,4
4,2.041037661625257,5.68284728071343,7.607478065897336,0.018173227,0.017104214,0.0009162972,0.333055254183667,0.0653911607285874,0.4341223889075098,11.227581545687949,19.02389186787095,14.218697314647924,4
4,2.025080582558012,5.679375802374484,7.593123138514324,0.018173227,0.017104214,0.0009162972,0.3074962917907907,0.0368674470385546,0.4451374277622276,11.238325414197364,19.027085692638774,14.227836165715022,4
4,2.0341400510116983,5.670433401878092,7.613962203022589,0.018173227,0.017104214,0.0009162972,0.3308535596393299,0.0581743123368178,0.4444629620241095,11.212874489710742,19.033976168962745,14.211512876531588,4
1,1.7934206,5.6446686,7.7108707,0.16905683,-0.2452622,0.082924895,0.3206911,0.059217207,0.44450462,12.468751,19.575,14.137501,1
1,1.8077158225889505,5.657759831531564,7.701766227087591,0.16905683,-0.2452622,0.082924895,0.3050676272378356,0.0589593821453753,0.4345137266786533,12.477082329092893,19.576491451238624,14.140921939205832,1
1,1.7935207354431333,5.643083089503881,7.700361357516767,0.16905683,-0.2452622,0.082924895,0.3077062948982674,0.0652352875615051,0.4541629749282529,12.480871761604972,19.563613080904503,14.150698302759228,1
1,1.7980987423778696,5.652492037622936,7.704866047085768,0.16905683,-0.2452622,0.082924895,0.3339719535362083,0.0561368587323714,0.4503698027514774,12.46590266874698,19.58114464218038,14.14275300222728,1
1,1.7887186601361966,5.631892313250991,7.701796660896688,0.16905683,-0.2452622,0.082924895,0.3035986331147166,0.0482866508235077,0.4479603495448562,12.479085805359102,19.595763693232588,14.138428275604708,1
1,1.7951274101510593,5.648607187801574,7.725560919955732,0.16905683,-0.2452622,0.082924895,0.3075114243928704,0.0653463190766198,0.4409020304015532,12.465097535945471,19.56974509187645,14.1239407394829,1
2,2.722434,6.1447687,6.8775706,0.20708317,-0.33444846,0.07498365,0.31659397,0.055668414,0.44064623,10.59375,18.6,15.20625,2
2,2.719472629435511,6.139116864901123,6.873439754576785,0.20708317,-0.33444846,0.07498365,0.3073478602914168,0.0682716154223761,0.4491245282134148,10.585702263129413,18.597228485656935,15.209118431382878,2
2,2.7331822080493904,6.1502439291053,6.863536040052171,0.20708317,-0.33444846,0.07498365,0.295455599199183,0.0551873025934902,0.4563049312964522,10.600451982674253,18.59984584896448,15.218754024718264,2
2,2.7191529248212545,6.14586053897192,6.86986548240344,0.20708317,-0.33444846,0.07498365,0.3139050087183851,0.0501316958585549,0.4544890315152322,10.582912645667662,18.608430014420545,15.219158561263717,2
2,2.7333168257454306,6.133302301658105,6.886982998394752,0.20708317,-0.33444846,0.07498365,0.3339128578081006,0.0582754018105837,0.4360629655716354,10.580224963102603,18.589682183705143,15.2097402153017,2
2,2.7188085232654537,6.1370588833438235,6.886096975124063,0.20708317,-0.33444846,0.07498365,0.2991001969035347,0.0616914922655878,0.4382249796462454,10.597132660122512,18.59212848334977,15.197156393930296,2
0,1.7617157,5.5890355,7.7347994,0.06017018,-0.032070402,-0.0044287695,0.30934417,0.05965614,0.4402026,11.15625,19.35,14.718751,0
0,1.760145230039718,5.588610571786981,7.7455181559375,0.06017018,-0.032070402,-0.0044287695,0.2938082788056129,0.055029828842292,0.4475844126982312,11.149545996354789,19.3480865827878,14.716124631814328,0
0,1.7506274464118512,5.60096791238744,7.730179901255153,0.06017018,-0.032070402,-0.0044287695,0.3004002720836778,0.0521769156525694,0.4332614092451776,11.156802416944432,19.35182103503006,14.712227341168978,0
0,1.775750732908537,5.5855524584333835,7.716943287606583,0.06017018,-0.032070402,-0.0044287695,0.3148287677998245,0.0605409636122662,0.4351968626095346,11.153715222565044,19.334438225351786,14.719230852974244,0
0,1.7541244815399375,5.581638290468091,7.714754683207827,0.06017018,-0.032070402,-0.0044287695,0.297201403268407,0.0669316385376319,0.4317503740249171,11.155253367296956,19.33675932027154,14.719882594355282,0
0,1.7567927246811714,5.598252894648884,7.732787436472357,0.06017018,-0.032070402,-0.0044287695,0.2908770471972944,0.0591605208209656,0.439813140717082,11.144864353496608,19.353641145701697,14.734473162426005,0
4,1.9902302,5.759524,7.55115,0.04382955,-0.014660755,0.02687805,0.3197677,0.060894288,0.44528124,11.587501,18.7875,14.75625,4
4,2.0035235332319066,5.747071268516683,7.547224192264369,0.04382955,-0.014660755,0.02687805,0.3162276636529632,0.049205917070181,0.4474402684765886,11.603265418238609,18.765892742730028,14.769148164861694,4
4,1.9989988767613855,5.767769017661512,7.53776868042776,0.04382955,-0.014660755,0.02687805,0.3169561082128513,0.0623816314480126,0.4298180440965303,11.580268078452692,18.793496659196624,14.753965975162073,4
4,1.9966439991470968,5.762099239740467,7.534482439154627,0.04382955,-0.014660755,0.02687805,0.3259407864276564,0.0731448355115278,0.4389903736577306,11.600974043544449,18.79410475043822,14.731840867682676,4
4,1.9922681460116696,5.7662692703679514,7.5588232521064915,0.04382955,-0.014660755,0.02687805,0.3174915403530386,0.0740328756572513,0.4390475830591553,11.591973453343764,18.78885186160209,14.757215282647564,4
4,1.9966389845649044,5.7393293712942,7.560587607104287,0.04382955,-0.014660755,0.02687805,0.3284060918894348,0.0481143534573666,0.4333599619480639,11.59301938787904,18.78394393421968,14.738389198377622,4
3,2.57707,5.939584,7.1252275,0.32024586,-0.4489856,0.10262528,0.37001425,0.022419557,0.43828136,8.175,17.400002,15.712501,3
3,2.582839791730964,5.941916159316579,7.118876544111931,0.32024586,-0.4489856,0.10262528,0.3808791415857205,0.0109431799730169,0.4505920479050913,8.160395512458955,17.37947704000318,15.719757462205743,3
3,2.571780020523693,5.93673891293119,7.114482897448747,0.32024586,-0.4489856,0.10262528,0.3737831985075275,0.0047255919113901,0.4467375416689565,8.175879740921028,17.39358289701312,15.70602484714283,3
3,2.5864828610131907,5.947846925939952,7.125992165582389,0.32024586,-0.4489856,0.10262528,0.3682738519192071,0.0248600008838824,0.4191992784228726,8.177601660412359,17.408240275098315,15.700876369173285,3
3,2.5667859501703947,5.935167479661785,7.143250390860259,0.32024586,-0.4489856,0.10262528,0.3979644902072033,0.0248263090364681,0.4431458637741354,8.180245679143086,17.395424809434672,15.711065907613971,3
3,2.581101235759475,5.938894322745849,7.129069755026471,0.32024586,-0.4489856,0.10262528,0.364997960651631,0.0230421282325627,0.4427239704693439,8.180317770117965,17.387477767401826,15.71551082654358,3
0,1.5726827,5.4933224,7.8287177,0.08659008,-0.14813471,0.031306818,0.30387518,0.062584534,0.44488046,12.656251,20.23125,13.89375,0
0,1.5764952002492436,5.510296617006958,7.836020122705107,0.08659008,-0.14813471,0.031306818,0.2972222265457391,0.0759191222212135,0.4471737836136329,12.681821450313002,20.23394252042718,13.887933532642556,0
0,1.57264793974574,5.501604879173654,7.815957560133824,0.08659008,-0.14813471,0.031306818,0.2853514832491808,0.0735896013331169,0.4533512159372379,12.670164292362156,20.223337932278707,13.898012505763267,0
0,1.5939985672408004,5.4895296069544415,7.808347335341693,0.08659008,-0.14813471,0.031306818,0.300132930241602,0.0701003362166216,0.4382025385338722,12.641139731655311,20.238619418139244,13.917318933346724,0
0,1.583233657779033,5.4971584051953775,7.828252435740573,0.08659008,-0.14813471,0.031306818,0.3187046182035769,0.0673771327189004,0.4343891984569805,12.637783213673222,20.24182804067539,13.875927569754271,0
0,1.5846407173018462,5.485576793024019,7.822920529984395,0.08659008,-0.14813471,0.031306818,0.3074832786366061,0.0671708876416984,0.4341623956807551,12.657088456847756,20.24084846595165,13.903970198458502,0
6,2.143969,5.8019967,7.4715886,0.37766716,-0.45952302,0.1262963,0.34356463,0.041089866,0.43457332,10.33125,18.35625,14.83125,6
6,2.131671775535952,5.796771585753177,7.475819185104778,0.37766716,-0.45952302,0.1262963,0.3364716600838302,0.048846769920054,0.4415437906523149,10.324237600018812,18.359659441128553,14.832567284406837,6
6,2.136803123923415,5.780351962572921,7.454421151982598,0.37766716,-0.45952302,0.1262963,0.3485621333342472,0.0403055943311058,0.4294493550709388,10.31413225115274,18.35319256509128,14.83787975206798,6
6,2.1469972653875966,5.79832475250956,7.461673536878718,0.37766716,-0.45952302,0.1262963,0.3491289706550542,0.0444102689597837,0.4268107265473708,10.324880527229665,18.36109789345563,14.825565776113878,6
6,2.147238924679042,5.802026407450934,7.456308817523471,0.37766716,-0.45952302,0.1262963,0.3515910234325461,0.035203163738777,0.4359646197406891,10.323229027737408,18.372515687014097,14.814946832397736,6
6,2.1538330338390033,5.798920809049251,7.471808953028653,0.37766716,-0.45952302,0.1262963,0.3477536956601249,0.0328493852599167,0.4500020894660019,10.326186411598066,18.35416180707888,14.82973885957155,6
2,2.6362925,6.265606,7.0809603,0.1443168,-0.22510368,0.1763872,0.30599844,0.1221945,0.51463485,22.40625,20.6625,12.843751,2
2,2.632290803152763,6.25406089094598,7.084086850136887,0.1443168,-0.22510368,0.1763872,0.3097408611932161,0.1126136369156101,0.5204269781941252,22.402089780652418,20.656435840530147,12.837766622072529,2
2,2.6370449289997615,6.270735727830014,7.078159861352433,0.1443168,-0.22510368,0.1763872,0.3060515969215727,0.1469500354121948,0.5038281558300325,22.413274311877927,20.652273958390165,12.849377204324169,2
2,2.636437853096833,6.2644370648998855,7.083778498258428,0.1443168,-0.22510368,0.1763872,0.2967449976768421,0.1154556967616246,0.4973630027519538,22.40031239081845,20.659322032137982,12.83947870242434,2
2,2.6289520756416027,6.275595441508748,7.107617410699503,0.1443168,-0.22510368,0.1763872,0.2934186632440287,0.1202022496158164,0.5220667378267353,22.408356963062307,20.667920239290183,12.848710957444116,2
2,2.6206103291936707,6.266801723163586,7.074844336105361,0.1443168,-0.22510368,0.1763872,0.307948213053725,0.1312689324190663,0.5208262619885417,22.39472520573103,20.672801150502675,12.835806511818422,2
8,2.260021,5.8432727,7.4237323,0.018936807,0.0067195124,0.018325943,0.31074107,0.10042647,0.54756206,10.3125,18.0,12.0,8
8,2.266309019990104,5.8329286562803855,7.428195249283315,0.018936807,0.0067195124,0.018325943,0.3174643127066381,0.0834651302481313,0.5536576897861497,10.306714738384049,18.001318350522155,12.01238194466136,8
8,2.2457389511675654,5.838827243392699,7.4341838530653,0.018936807,0.0067195124,0.018325943,0.313813888801829,0.1088464411553386,0.5460152135858122,10.30606705209028,18.004319779579596,12.008696814338563,8
8,2.266982776713396,5.829786823038397,7.430215154801318,0.018936807,0.0067195124,0.018325943,0.3158140722046137,0.0900446128623543,0.5428371358424005,10.307896435483125,17.995973233913517,12.004040100881626,8
8,2.2541199826375418,5.849509543826325,7.426626109238686,0.018936807,0.0067195124,0.018325943,0.2961829245306245,0.1031240734726489,0.5492536438803821,10.30112728797799,17.99770157101525,12.00840233628118,8
8,2.250013757059057,5.846372721866727,7.42659740994608,0.018936807,0.0067195124,0.018325943,0.3105738080809839,0.1024584095848238,0.5310969509313488,10.3183088678298,18.01865124242045,11.998727993206048,8
9,2.6853452,5.931209,7.166504,0.02687805,-0.06520981,0.064904384,0.33048943,0.08570079,0.5506651,8.400001,16.78125,10.33125,9
9,2.689354342361442,5.934910798244449,7.157925949984577,0.02687805,-0.06520981,0.064904384,0.3424678075613954,0.0885298514097222,0.532365477475298,8.397552692209842,16.76929362689034,10.34366283521014,9
9,2.687398715822974,5.938253567578758,7.158832704587201,0.02687805,-0.06520981,0.064904384,0.3356619158256282,0.1036877664459534,0.5502413477923982,8.400407884889571,16.797276053633315,10.33369667213216,9
9,2.696007274079194,5.9377508253586955,7.168550057424374,0.02687805,-0.06520981,0.064904384,0.3408906573971235,0.0791310401868941,0.542788424444903,8.402490005353535,16.79880980742029,10.329504353786248,9
9,2.694441380241304,5.932161265573859,7.148836850759981,0.02687805,-0.06520981,0.064904384,0.3198028086936436,0.0890690171200844,0.5538958258295493,8.40375075355304,16.762932516018086,10.31953730499264,9
9,2.6755353546304694,5.934476679645353,7.167505474387142,0.02687805,-0.06520981,0.064904384,0.3261222981544736,0.1070016064546693,0.5453204648147237,8.382523399331339,16.763785887228998,10.335447710793542,9
1,2.3928227,5.903692,7.3525457,0.2944368,-0.46242464,0.04780017,0.2936327,0.1072591,0.561941,10.275001,17.94375,9.65625,1
1,2.3671576566026977,5.896239063869566,7.353975021283313,0.2944368,-0.46242464,0.04780017,0.297373863124691,0.1206533193558289,0.561269121782763,10.274164799810327,17.962256099117376,9.673335289595778,1
1,2.387280279120173,5.904608684142151,7.366201838593044,0.2944368,-0.46242464,0.04780017,0.2935224961735875,0.0881744100928726,0.5645165179601423,10.276563899823175,17.933518301497053,9.65878988207844,1
1,2.396034676476429,5.889821183858633,7.362839868746167,0.2944368,-0.46242464,0.04780017,0.2857322345817916,0.1069017215403569,0.565000352251568,10.276582595815276,17.940768866496228,9.656454177247335,1
1,2.387402666132794,5.903570714473269,7.349458510025939,0.2944368,-0.46242464,0.04780017,0.2987000748594448,0.1117370878651153,0.5620807255101486,10.3011380521468,17.933772022352496,9.665470610262602,1
1,2.393979297455117,5.919370225604961,7.337130261081168,0.2944368,-0.46242464,0.04780017,0.2813034332138263,0.1070696199470981,0.5508198709735588,10.26991182625093,17.929738090392053,9.660166519787657,1
5,2.1379871,5.8097734,8.513663,0.10873393,-0.16340633,0.074067354,0.30503407,0.10702573,0.5533803,10.762501,17.60625,9.76875,5
5,2.1635266100401345,5.81723316442096,8.517374880897906,0.10873393,-0.16340633,0.074067354,0.3184876879765081,0.1086635524384581,0.5499089915889099,10.77340564001136,17.583503756680727,9.77370460195394,5
5,2.1372474938846855,5.815511445694311,8.51764656657536,0.10873393,-0.16340633,0.074067354,0.3174323573623428,0.0964186242273029,0.5668467859545427,10.748117152626508,17.620011237035804,9.77735309631657,5
5,2.1458718733256688,5.8047557711637925,8.51932711404647,0.10873393,-0.16340633,0.074067354,0.3037616592877139,0.1156389294224012,0.5522346003042662,10.767765355926286,17.607023245770847,9.769188610908648,5
5,2.1339711310778378,5.794990556981765,8.509141556147933,0.10873393,-0.16340633,0.074067354,0.3056066514090217,0.0997623651088071,0.5335094415538321,10.764029982356352,17.6319304975032,9.774277232421063,5
5,2.137693142463848,5.80378338725724,8.508026510927749,0.10873393,-0.16340633,0.074067354,0.3142189727136508,0.1171675921224806,0.5636744021949778,10.76788743183694,17.611029863486696,9.788961293602204,5
4,2.0063818,5.9264235,8.141579,0.0029016077,-0.025198173,0.005345067,0.3224644,0.109350204,0.55904853,9.8625,16.35,9.525001,4
4,2.0182594853706144,5.911470182798497,8.148702528219403,0.0029016077,-0.025198173,0.005345067,0.3142830635090003,0.0932063695928169,0.5628446132147811,9.8651216427347,16.375032128225488,9.532271532349926,4
4,2.001868898032452,5.925356878205849,8.146686102641054,0.0029016077,-0.025198173,0.005345067,0.318660481119323,0.1035820048606063,0.5637889973872945,9.859703191982137,16.369191068506087,9.52238389249562,4
4,2.011334995471055,5.931668002572271,8.136171411846028,0.0029016077,-0.025198173,0.005345067,0.3015091243325967,0.1143981178080451,0.5693920779805433,9.8619913399947,16.351575413035466,9.50933110548607,4
4,1.9880754929037807,5.934023359195979,8.133748225004961,0.0029016077,-0.025198173,0.005345067,0.3077662359880718,0.1158740083270343,0.5516820233839411,9.881185593516712,16.3456789808482,9.517354664614029,4
4,2.0032494374359557,5.926251674762011,8.143936328296277,0.0029016077,-0.025198173,0.005345067,0.3347084514264197,0.1065464927442505,0.5702023204778747,9.845290477866016,16.35129757222554,9.518681799963025,4
3,3.3481572,6.4905314,6.730412,0.18157956,-0.30619597,0.1188132,0.33373874,0.09795795,0.55640256,8.512501,16.143751,10.21875,3
3,3.322898443390853,6.4942267564852365,6.741802912189743,0.18157956,-0.30619597,0.1188132,0.3446093484032445,0.1215188445485697,0.5475673497612554,8.491558396761052,16.128459484822777,10.21329471945482,3
3,3.351616131733098,6.488570458743815,6.736213349106084,0.18157956,-0.30619597,0.1188132,0.3498335427700337,0.0929493609662688,0.5574616879657689,8.52232566035338,16.13734796477372,10.225540101912744,3
3,3.3507885093381686,6.496897077028752,6.723358397819838,0.18157956,-0.30619597,0.1188132,0.3369967693461768,0.109144272258499,0.5544218128283631,8.519182219269972,16.1309264132322,10.234682060487623,3
3,3.3586652044057717,6.4849779118027655,6.739698399885452,0.18157956,-0.30619597,0.1188132,0.3239227770184637,0.103716234578434,0.5416266653175281,8.517653707561996,16.146150545975633,10.20629484958716,3
3,3.360248964429682,6.472598980022449,6.7201573109550194,0.18157956,-0.30619597,0.1188132,0.3256013760934065,0.0900902996306609,0.5694158560915866,8.498077281977402,16.148603127160786,10.199458316675797,3
0,1.2167503,5.4813585,7.8400836,0.047647454,-0.052076224,0.019089524,0.2980199,0.11869236,0.565837,10.8,17.456251,8.868751,0
0,1.2170268460769915,5.476696289783768,7.827754262167617,0.047647454,-0.052076224,0.019089524,0.3206050238911074,0.1211103134724389,0.5602861073599315,10.79982300223376,17.457004410094413,8.875095773793507,0
0,1.210292236651711,5.490522679639393,7.848286955343608,0.047647454,-0.052076224,0.019089524,0.2920788410627205,0.1157627169170829,0.5631189097900418,10.78671198311516,17.4408645165488,8.866101827165565,0
0,1.215284001884197,5.497016398790818,7.8384856731456445,0.047647454,-0.052076224,0.019089524,0.313710331312719,0.1187844415476473,0.5687549439975844,10.797099655836645,17.455551573104824,8.851080058139678,0
0,1.229104394891678,5.464413772112303,7.851542152909551,0.047647454,-0.052076224,0.019089524,0.3018524630112779,0.1072529083460507,0.5516213506301686,10.785868745068504,17.451483546902146,8.867289646268175,0
0,1.220167166224738,5.476844012552102,7.823895521835627,0.047647454,-0.052076224,0.019089524,0.2898629429637351,0.1308184472255691,0.555716413588737,10.794041155732678,17.45467076390618,8.875473289778538,0
7,1.3770695,5.669793,7.238887,0.036346454,-0.008399391,0.011911863,0.29588845,0.11668987,0.5584794,11.94375,18.375,9.58125,7
7,1.383896245135758,5.674964769436899,7.234786866028728,0.036346454,-0.008399391,0.011911863,0.2886279683699228,0.1213859917076021,0.5618229281964608,11.95423189595152,18.35262212481457,9.56771478641593,7
7,1.3838660956975724,5.67003189060954,7.249781911156588,0.036346454,-0.008399391,0.011911863,0.282344603736093,0.1142821288613028,0.5569449761157328,11.944972255753886,18.403600447949103,9.580641880304238,7
7,1.389501893705127,5.676387119136822,7.240771713358338,0.036346454,-0.008399391,0.011911863,0.3091128618182049,0.1107244600648363,0.539558450603986,11.944130379810291,18.383499078212033,9.577130667885882,7
7,1.3882553546919378,5.669838112552399,7.231363366694543,0.036346454,-0.008399391,0.011911863,0.3063581800341421,0.1152857446998535,0.5486822163557374,11.930266996079787,18.3822296051486,9.583030503235827,7
7,1.3893329584354963,5.679958284986812,7.222578333612545,0.036346454,-0.008399391,0.011911863,0.2807884415244106,0.0992526578027238,0.532182486295057,11.95671992836737,18.37698867656117,9.591350936469595,7
2,1.9597218,5.903692,7.409375,0.09651663,-0.23044874,0.075289086,0.30988508,0.1164229,0.5640111,10.575001,16.612501,8.71875,2
2,1.9598465518815913,5.906653702606029,7.402069827179125,0.09651663,-0.23044874,0.075289086,0.3080020094474998,0.1202030131444662,0.5526359932608034,10.594500553890036,16.607409558552494,8.716710089376807,2
2,1.95349105190647,5.909022202815231,7.404952522632592,0.09651663,-0.23044874,0.075289086,0.3085777974862179,0.132375408932237,0.5715042209757706,10.573105568773425,16.614781750950034,8.713491821259193,2
2,1.953591545932812,5.909752438194933,7.411011746788872,0.09651663,-0.23044874,0.075289086,0.3143939173976715,0.1189266319491158,0.5576059139623818,10.56752683955172,16.6220434485341,8.724292974990632,2
2,1.953326981204049,5.893040035235362,7.413649275142571,0.09651663,-0.23044874,0.075289086,0.3169251573124982,0.1040326436671896,0.5575309916845839,10.598939581029166,16.6302525932578,8.72697974268285,2
2,1.9548989928130989,5.903309728805286,7.410337127259364,0.09651663,-0.23044874,0.075289086,0.2933278668827541,0.1216180229738821,0.560292546354059,10.574146442266803,16.60560535492079,8.715983509941838,2
8,1.7222341,5.631508,7.626524,-0.037262753,-0.03619374,0.013286309,0.30254108,0.10810742,0.5734839,9.806251,16.95,8.512501,8
8,1.7228534896387098,5.626978858521233,7.648124587177381,-0.037262753,-0.03619374,0.013286309,0.2976125359476113,0.1175869956838741,0.5697820796567057,9.822828287789664,16.960325315112946,8.51145169295116,8
8,1.7020833787097625,5.624189332973987,7.643106024430227,-0.037262753,-0.03619374,0.013286309,0.283227173814425,0.1154566554236169,0.5841162277520396,9.777263723995327,16.94249240742626,8.502247720154699,8
8,1.7326978913754505,5.624734477767301,7.623991419055798,-0.037262753,-0.03619374,0.013286309,0.3238258966226253,0.1108366598154474,0.5824282922692889,9.812934112100814,16.940845583244585,8.510203573723755,8
8,1.7295951217116583,5.62213578618331,7.620327137589738,-0.037262753,-0.03619374,0.013286309,0.2940378828582359,0.1019615328263289,0.5827180832327608,9.802317504727013,16.950041332038783,8.520630891972683,8
8,1.71203587176193,5.637875727632081,7.623964422371463,-0.037262753,-0.03619374,0.013286309,0.3009914592814295,0.1068405247744504,0.5743101745745617,9.810027423050178,16.953769187798365,8.524007050878133,8
4,1.7880367,5.7840505,7.584051,0.108886644,-0.10720677,-0.0001527162,0.31295666,0.10871488,0.5566175,11.231251,17.90625,8.45625,4
4,1.7970018209198664,5.788106923095909,7.581099771147215,0.108886644,-0.10720677,-0.0001527162,0.2999837304855778,0.0978009811098784,0.5571930173194373,11.239551978385055,17.901771530559312,8.455736548181564,4
4,1.7852657438602872,5.785885350662179,7.591790075240016,0.108886644,-0.10720677,-0.0001527162,0.3191662586105612,0.1138474843969121,0.5635757573319269,11.243030592234328,17.92111486709675,8.472322179867911,4
4,1.7971160393086103,5.772568660170019,7.581979506084405,0.108886644,-0.10720677,-0.0001527162,0.3043732388944539,0.1068796742562958,0.5761552840675883,11.233046330331224,17.919727216190523,8.45479581214293,4
4,1.7870707688562364,5.768552626018819,7.580353641955646,0.108886644,-0.10720677,-0.0001527162,0.3188434228935035,0.1074208864900174,0.5548847562097439,11.223726603685316,17.903065419941235,8.442513420671458,4
4,1.7779128940832305,5.78685742380993,7.565204867195263,0.108886644,-0.10720677,-0.0001527162,0.3146877940560489,0.0958740346992522,0.5563758888655513,11.223775348530392,17.91181645685283,8.458076845228389,4
2,2.3922246,6.1232333,7.140781,0.33750278,-0.34193155,0.16859868,0.31544104,0.110243976,0.55580336,11.6625,17.925001,8.587501,2
2,2.386424488858077,6.133147388468812,7.134493148050464,0.33750278,-0.34193155,0.16859868,0.3012708380175446,0.0978593600810557,0.5488038926621969,11.660667768333251,17.939952862453804,8.577735438733617,2
2,2.4008517287091844,6.134190677855084,7.146338701252622,0.33750278,-0.34193155,0.16859868,0.3012169079798898,0.1072103910320303,0.5631898655826634,11.664070434369574,17.940400489125224,8.586318228408041,2
2,2.389145802156702,6.125802152446342,7.126968076896931,0.33750278,-0.34193155,0.16859868,0.3284774759078243,0.1011953672911173,0.5503564135440997,11.664432694669298,17.936479999500147,8.590697419102124,2
2,2.392742798624932,6.109564782397246,7.139837557359969,0.33750278,-0.34193155,0.16859868,0.3226307801532831,0.1037687481001726,0.5594073944035314,11.644249283642324,17.932971558172582,8.585993404713834,2
2,2.3943484615218837,6.124916361919114,7.149292163721577,0.33750278,-0.34193155,0.16859868,0.3269641210131523,0.092089205736912,0.5685240500200798,11.662465278813317,17.92583528905908,8.599172692741234,2
7,1.4835501,5.8504515,7.489535,0.043371398,0.0006108648,0.0013744457,0.3069256,0.12921965,0.57521135,12.056251,17.2875,7.6687503,7
7,1.4923081248604504,5.854181493092984,7.482455935138876,0.043371398,0.0006108648,0.0013744457,0.3063239567830075,0.1295363948949623,0.5730229066851065,12.042140450451669,17.283464921024752,7.67529572055164,7
7,1.4795477656155387,5.837912458795466,7.496276076038171,0.043371398,0.0006108648,0.0013744457,0.3059773849248769,0.1295972093456205,0.59042095786301,12.066023752218,17.294648828686896,7.670539385625268,7
7,1.490495312736557,5.84833978022193,7.485127305611275,0.043371398,0.0006108648,0.0013744457,0.3144258409149292,0.1344212904528409,0.5918971241945714,12.063584712542845,17.27690529275262,7.662849909035226,7
7,1.490167606242546,5.855319399700609,7.477566875138295,0.043371398,0.0006108648,0.0013744457,0.3010163199223962,0.129867305655741,0.5745366786554444,12.05611386543338,17.279338809142587,7.674295325549497,7
7,1.4893695778946632,5.8405567022280875,7.48567463279517,0.043371398,0.0006108648,0.0013744457,0.3205752600078431,0.1302939675378773,0.5806083452059325,12.056270556274836,17.289527618498663,7.661281739021093,7
7,1.4452649,5.456234,7.7964144,0.09086613,-0.113926284,0.027641632,0.28185213,0.11957671,0.5803284,11.137501,18.018751,7.1062503,7
7,1.4370131170701042,5.469844995439857,7.79214632907421,0.09086613,-0.113926284,0.027641632,0.2776576656622359,0.119307331877276,0.5847553909623948,11.14507494637141,18.01898325852607,7.101134730069953,7
7,1.4593835646339302,5.458421486858487,7.770928747893634,0.09086613,-0.113926284,0.027641632,0.2804155404252431,0.1250411804452386,0.5760072508805535,11.137824344720824,18.011076114253047,7.096722903446319,7
7,1.4383866419905609,5.4611219711544745,7.789019633492245,0.09086613,-0.113926284,0.027641632,0.288100963956892,0.1189774351894392,0.5743044382372762,11.12524457439961,18.015721253010945,7.112107454307914,7
7,1.4394192584830003,5.452925252205465,7.805874354756023,0.09086613,-0.113926284,0.027641632,0.2828007809470946,0.1302853283101767,0.5582734795418534,11.128650256997776,18.004568321485173,7.084677878371325,7
7,1.4370367322073014,5.440017829981559,7.7983864195346175,0.09086613,-0.113926284,0.027641632,0.2988169670322245,0.1235951735733994,0.588012029547102,11.142754404869883,18.01637541271432,7.115126527525114,7
5,1.835295,5.705087,7.5786676,0.07574723,-0.101250835,0.0108428495,0.30473295,0.10852482,0.57343775,10.106251,17.90625,7.8562503,5
5,1.8304840915981264,5.720965335272281,7.5698793392910675,0.07574723,-0.101250835,0.0108428495,0.3008224093475649,0.1228889453481984,0.5789150695265356,10.093811991885952,17.925269245934892,7.851514005785674,5
5,1.8380942068257855,5.707488008484917,7.575784439246269,0.07574723,-0.101250835,0.0108428495,0.2979889312717933,0.1117018295791364,0.5534387626536792,10.112613691913134,17.891011063322747,7.845804062247138,5
5,1.8367384378681,5.698174114543011,7.565399856069776,0.07574723,-0.101250835,0.0108428495,0.294773941923512,0.1055352307336944,0.5642383163770424,10.106674434684347,17.899526766749286,7.869749870437203,5
5,1.833811007738068,5.702515869529176,7.581792848017435,0.07574723,-0.101250835,0.0108428495,0.2978658752654529,0.1101165027155176,0.5743009205149524,10.102873679254929,17.89796528067487,7.854048046410328,5
5,1.837950650179025,5.715539872815702,7.578830787473343,0.07574723,-0.101250835,0.0108428495,0.3009791266923911,0.10886919098556,0.5702602536242336,10.098763140602715,17.91065976999385,7.846996297688968,5
7,1.899303,5.8677993,7.645068,-0.01970039,0.083688475,-0.0036651888,0.31298912,0.11363966,0.5714213,10.725,17.268751,7.6312504,7
7,1.9025887616790031,5.866535598053972,7.660385384330311,-0.01970039,0.083688475,-0.0036651888,0.3020448721592739,0.0948082531256324,0.5650285053968485,10.735325163188834,17.256652575016105,7.627344948022675,7
7,1.901031785495372,5.8617442877231145,7.6461524540346595,-0.01970039,0.083688475,-0.0036651888,0.3069050370605971,0.1178026817106718,0.5714015532073035,10.733875572882976,17.259181137565346,7.619360099098957,7
7,1.8953522911371337,5.8876162983496005,7.644091162345701,-0.01970039,0.083688475,-0.0036651888,0.3175515450983745,0.1324625911306736,0.5852824697481558,10.74173269181352,17.26993222866121,7.637074079870769,7
7,1.883715390655368,5.8785917719019745,7.639221057162195,-0.01970039,0.083688475,-0.0036651888,0.3088461521591834,0.121954164017712,0.5602388990746714,10.717577762284089,17.266064006176354,7.6390686053623105,7
7,1.9044959968243411,5.872516494657362,7.661672241573154,-0.01970039,0.083688475,-0.0036651888,0.3054049399738013,0.1296587864839681,0.5631229849988132,10.726659544423716,17.26859009094294,7.627586204127232,7
4,1.6498512,5.599205,7.7425756,0.052687086,-0.017409647,0.03375028,0.281473,0.11718715,0.5768405,11.75625,19.03125,7.7250004,4
4,1.653446686255046,5.58863581311295,7.759463056253704,0.052687086,-0.017409647,0.03375028,0.292548581934948,0.1131555863109167,0.5757353803456264,11.751215582749795,19.02342336521282,7.717472000127457,4
4,1.63971432268393,5.595182723775219,7.74538920846934,0.052687086,-0.017409647,0.03375028,0.287201532189917,0.1047904978286325,0.587239178253855,11.749427280585364,19.03427719331872,7.744779079385981,4
4,1.6488314588869584,5.586609609380893,7.742851978513482,0.052687086,-0.017409647,0.03375028,0.2769734037007527,0.1287754786406827,0.5769320960711706,11.754290473220603,19.037344880156137,7.7366178671447505,4
4,1.642104042283702,5.608262085738345,7.738316681127602,0.052687086,-0.017409647,0.03375028,0.2811280097186253,0.1143608726132281,0.581340207910944,11.76517590625599,19.0321463228154,7.720113630774602,4
4,1.6583079778796628,5.594067301264785,7.747173403455879,0.052687086,-0.017409647,0.03375028,0.3060550424566148,0.1197414457118465,0.5815839881992505,11.744756294589433,19.0254688283855,7.729531629013987,4
0,1.4530416,5.6033926,7.829914,0.053908817,-0.07238748,0.031001387,0.2860572,0.12202064,0.57666945,12.056251,18.675001,7.275,0
0,1.454707583072063,5.6199357014140014,7.817158624451572,0.053908817,-0.07238748,0.031001387,0.2806130003203236,0.1262521222163708,0.5739889451104486,12.048316269193288,18.67790033119001,7.273647914554284,0
0,1.4444115957223245,5.598696114648375,7.844064645689454,0.053908817,-0.07238748,0.031001387,0.3011426092702305,0.1386421117497425,0.5669838964887127,12.05860658224461,18.66069332562867,7.273760538519154,0
0,1.4513987984453962,5.5892212576755025,7.829734080296885,0.053908817,-0.07238748,0.031001387,0.3016958704055242,0.1282185833643753,0.5887615415879752,12.04913450590521,18.683477182514057,7.257521176530558,0
0,1.4605171625621989,5.603383536779904,7.8234968477252,0.053908817,-0.07238748,0.031001387,0.2900709703455508,0.1415063947634819,0.5625442036366946,12.050941242397016,18.671129660909557,7.263233140199631,0
0,1.4637506622872145,5.605421425691477,7.836767835725735,0.053908817,-0.07238748,0.031001387,0.286383754498661,0.1220006178283497,0.5970072783726268,12.06578046187497,18.661237190769526,7.275770412932128,0
1,1.5224334,5.757131,7.6181493,0.19685118,-0.3084867,0.045203995,0.27851686,0.13115963,0.56954026,15.13125,20.04375,7.6875005,1
1,1.523181622269695,5.750980296205735,7.630238733970266,0.19685118,-0.3084867,0.045203995,0.2900970534767295,0.1176107406279506,0.583358367166885,15.140457031160768,20.03604451855612,7.702046087735483,1
1,1.5049733060605262,5.771018963887443,7.610526606495488,0.19685118,-0.3084867,0.045203995,0.277340417760879,0.1330281360049593,0.5755538140572195,15.134559601798973,20.03000617312638,7.686913704003602,1
1,1.5432703772090528,5.758010310966315,7.613752699717776,0.19685118,-0.3084867,0.045203995,0.2644609906609045,0.131797791098399,0.5789606640227726,15.143002149040443,20.026365987733563,7.690517046466254,1
1,1.5178734830667988,5.7656851088863075,7.635579090602876,0.19685118,-0.3084867,0.045203995,0.2884851570235276,0.1430660017953221,0.5749556913053463,15.12797132852134,20.042768265968235,7.686041800799346,1
1,1.5357770192971318,5.762550361624293,7.618129413073651,0.19685118,-0.3084867,0.045203995,0.2855638735892366,0.1315992297964108,0.5725188034026465,15.135724188916017,20.045494713711086,7.706742140659519,1
6,2.105684,5.971887,7.411768,0.061239194,-0.08781181,0.04214967,0.31565943,0.113672264,0.56471276,12.431251,17.8125,8.0625,6
6,2.1041410500565445,5.982863974907543,7.406439722274419,0.061239194,-0.08781181,0.04214967,0.3247907196754917,0.117650664935382,0.5620399805027934,12.41946841941084,17.82910983915152,8.069133240316123,6
6,2.1002661404842797,5.971667872206358,7.412126901678269,0.061239194,-0.08781181,0.04214967,0.3214914086301552,0.1167768661486279,0.583104335661348,12.43564390769391,17.785583100668784,8.073595517883108,6
6,2.107288094561735,5.970974790774525,7.416208744287668,0.061239194,-0.08781181,0.04214967,0.3066499938907875,0.0898383759591189,0.5532276716553177,12.443171321449698,17.81558767824942,8.045663610467265,6
6,2.1053250041340457,5.970255195667226,7.4184369864932656,0.061239194,-0.08781181,0.04214967,0.3215912397921607,0.1126231399459499,0.5762776040996327,12.423577835652823,17.80883841596274,8.07294101386876,6
6,2.125760622125235,5.963449619811766,7.4036408669824,0.061239194,-0.08781181,0.04214967,0.3057848745382817,0.1259599299241064,0.5701115794772168,12.428010416220888,17.79452418713701,8.055630603615324,6
3,2.5758736,6.2721863,7.023533,0.04444041,-0.07147118,0.0019853106,0.32870555,0.11100958,0.55264217,12.468751,17.25,8.45625,3
3,2.596098676752457,6.266539216879208,7.043682567149719,0.04444041,-0.07147118,0.0019853106,0.3254936220069074,0.0999729256623327,0.55434785960625,12.453852268964908,17.249016439655854,8.442284695766162,3
3,2.580726783436059,6.279364016755326,7.0137875633419915,0.04444041,-0.07147118,0.0019853106,0.3308968813068197,0.1082635607024159,0.5534407537213767,12.45323649092211,17.223824150661862,8.448327803242828,3
3,2.5721001654280693,6.270887110124704,7.010445084298416,0.04444041,-0.07147118,0.0019853106,0.3187996294724893,0.1001717225713672,0.5716889156670799,12.484206107283187,17.233537747269754,8.448666800520563,3
3,2.565800468473208,6.2567200076624045,7.018220138079208,0.04444041,-0.07147118,0.0019853106,0.3333658179980002,0.1103152007797933,0.5623340200722017,12.492867243575333,17.2529793927244,8.44948981311768,3
3,2.578075313570077,6.26301686039527,7.030396162759759,0.04444041,-0.07147118,0.0019853106,0.3443720144476736,0.0994700590107611,0.5577512248494796,12.448461537961172,17.24682910881464,8.452379404365084,3
5,2.0147567,6.1363935,6.643672,0.13500112,-0.28115052,0.0070249448,0.31157982,0.12428998,0.56385267,13.500001,17.400002,7.2937503,5
5,2.0277764050606923,6.1147952466658735,6.635142309875571,0.13500112,-0.28115052,0.0070249448,0.3190608895193172,0.1193742309204327,0.577021859369497,13.505426504281765,17.40615416406616,7.313909914191427,5
5,2.0131155461917043,6.137166114949486,6.632894209081062,0.13500112,-0.28115052,0.0070249448,0.3227664638643341,0.1189848202097823,0.554198728460605,13.490908843029407,17.397144837918635,7.304350727717357,5
5,2.026869934216502,6.147718359061819,6.652512516360469,0.13500112,-0.28115052,0.0070249448,0.3346922459651895,0.1352321475454523,0.564210197315997,13.517913570029828,17.407052715779287,7.305559616418717,5
5,2.014051921555484,6.1395472827770865,6.658898205407432,0.13500112,-0.28115052,0.0070249448,0.309509879003354,0.131756618297953,0.5558953603426953,13.501042693463004,17.414181341341564,7.294012264495433,5
5,1.993498605777496,6.1360384646467825,6.631096512689271,0.13500112,-0.28115052,0.0070249448,0.3017672192581564,0.1290051856950949,0.5786592575767827,13.49816197408149,17.422883332552534,7.296239528448115,5
8,1.5571294,6.0430737,7.422536,0.056199558,-0.101708986,0.047189303,0.3037446,0.13049357,0.5490652,13.650001,17.4375,2.6437502,8
8,1.5629358401864435,6.038604655690371,7.4252557735070015,0.056199558,-0.101708986,0.047189303,0.2948023848058029,0.1121200873286682,0.5235843456094542,13.639396252706536,17.43710924558337,2.644155019335556,8
8,1.5523223904195402,6.040162487226022,7.411176547554622,0.056199558,-0.101708986,0.047189303,0.304215152359392,0.1236644295666042,0.5477676453860515,13.63758397298479,17.448406062333568,2.6532960052177765,8
8,1.564106456171522,6.047576227601387,7.413298228438408,0.056199558,-0.101708986,0.047189303,0.303775467465929,0.138800598837873,0.5444983718036753,13.660971590944678,17.42251261488708,2.643023380146082,8
8,1.5608141716407322,6.046649363748364,7.44201146862181,0.056199558,-0.101708986,0.047189303,0.3106813850758342,0.1120939708114998,0.5491962024890193,13.64480030067591,17.435716643172903,2.637090415132882,8
8,1.5529005404371046,6.043816415932477,7.42253667588921,0.056199558,-0.101708986,0.047189303,0.3001021654277476,0.1352333813458875,0.5505854248518015,13.641611303296743,17.427464440602602,2.6673858530686863,8
0,1.4763715,5.7816577,7.5726852,0.04657844,0.0030543238,0.025198173,0.32161754,0.11968343,0.5706447,9.7875,17.0625,1.3312501,0
0,1.4716548890925738,5.783820785927585,7.578713677847944,0.04657844,0.0030543238,0.025198173,0.3271022506021371,0.1053997287603919,0.5794203448160608,9.782951782439,17.06868453633414,1.3264834870240834,0
0,1.4635975545050883,5.788924902713485,7.568126759599948,0.04657844,0.0030543238,0.025198173,0.3336418646101883,0.1176743669694694,0.5758298759119101,9.797296546154278,17.063962663314122,1.312717726966877,0
0,1.469810009857383,5.771433296582867,7.5749766319881315,0.04657844,0.0030543238,0.025198173,0.3080679247552777,0.109737245644117,0.5829291155390544,9.776456372666823,17.069158576314877,1.3352796844859172,0
0,1.466696183650667,5.777883614545719,7.580068162988144,0.04657844,0.0030543238,0.025198173,0.3394748288724873,0.1106768985043804,0.5785900958477658,9.805385970885364,17.045484871858484,1.3304916504750186,0
0,1.4942155611511465,5.762853121750373,7.578127022639864,0.04657844,0.0030543238,0.025198173,0.3309320889312807,0.097164216212469,0.5697834741557406,9.797269790525098,17.043224922849614,1.3267632639550695,0
2,2.3108685,6.419345,7.109076,0.28313583,-0.4375319,0.19196425,0.30665055,0.13739179,0.55045617,14.56875,18.28125,2.9625,2
2,2.3065977291576796,6.421667763865029,7.112613929762167,0.28313583,-0.4375319,0.19196425,0.3016010504092289,0.1321254752430096,0.5633939816105109,14.587164419602626,18.272536057324153,2.958573098074621,2
2,2.3062518710407924,6.423174039871933,7.108769606088095,0.28313583,-0.4375319,0.19196425,0.3201198110341409,0.138844177585785,0.5637191141542404,14.565084437775782,18.28106032514049,2.959945013479498,2
2,2.321983124352164,6.414955199357625,7.101086839436196,0.28313583,-0.4375319,0.19196425,0.3024831446711205,0.1459348633409574,0.5499909539534724,14.546838430072787,18.278852587170643,2.960937846919407,2
2,2.299595836036314,6.42032928084919,7.096854497608738,0.28313583,-0.4375319,0.19196425,0.3014819439898323,0.1519166654122267,0.5490141915624525,14.54879191856291,18.276237210363657,2.9346100479821624,2
2,2.3310042637558004,6.425096296123906,7.1074047517288585,0.28313583,-0.4375319,0.19196425,0.3195222665194994,0.1276673357177016,0.5616919357256894,14.568646604653695,18.275337749000304,2.964826677825746,2
6,1.9615164,6.172286,7.186843,0.082161315,-0.030695954,0.022601997,0.33413422,0.11814086,0.5490615,9.58125,16.1625,2.6437502,6
6,1.935984451435319,6.194679677336432,7.16376104050811,0.082161315,-0.030695954,0.022601997,0.3364849560764936,0.1208598301805509,0.5378663059506071,9.589259811681508,16.183708452872487,2.635021891333293,6
6,1.955038081815828,6.160943706627598,7.174916471932887,0.082161315,-0.030695954,0.022601997,0.3278651927144782,0.122865694090163,0.5263428747554715,9.57835399118295,16.149459538643505,2.6567376165718097,6
6,1.9429143647579872,6.165606786482895,7.185861056268151,0.082161315,-0.030695954,0.022601997,0.3322957972937563,0.1321419607762777,0.539439150960609,9.587921335321942,16.161686147925735,2.654474391773141,6
6,1.956031767132457,6.17487958986725,7.1863825789536095,0.082161315,-0.030695954,0.022601997,0.3352884499862545,0.1002225411255077,0.5560324922659668,9.554562704672428,16.155748358243784,2.6578678119465273,6
6,1.968449397647508,6.183369194214196,7.184834722174566,0.082161315,-0.030695954,0.022601997,0.3297951305485302,0.1271984593990565,0.5344191187601105,9.580190660799106,16.162799870097516,2.656218471499278,6
1,1.8335004,6.1495543,7.211369,0.06108648,-0.061544627,0.021380268,0.3130071,0.13139477,0.56275445,11.981251,17.775002,1.1812501,1
1,1.8186456717694537,6.147602552756873,7.216038682797885,0.06108648,-0.061544627,0.021380268,0.3207227163224317,0.1237052467020226,0.5614248462323492,11.970789354694595,17.767475725611018,1.1829784648704254,1
1,1.8285350528914877,6.1568334648759455,7.185390114022364,0.06108648,-0.061544627,0.021380268,0.2969730312616263,0.1468906496673392,0.5683507181220626,11.97895163353483,17.783204939619395,1.1817794958353691,1
1,1.843671696087306,6.143407211975228,7.204448642970778,0.06108648,-0.061544627,0.021380268,0.3250443547269399,0.1302571985888592,0.5540870692165671,11.988141275917222,17.76860383308216,1.1798439178630995,1
1,1.8441445413939856,6.164755727855198,7.211773629719631,0.06108648,-0.061544627,0.021380268,0.3147676955004108,0.1453679271543552,0.5606297919777431,11.97063152800012,17.759299052435704,1.1685631098017368,1
1,1.8334943421379453,6.167590547072753,7.225074468351076,0.06108648,-0.061544627,0.021380268,0.3287934615528162,0.1335535683860154,0.5577715014762601,11.98700822646064,17.77115802904363,1.1665808143174137,1
6,1.9686948,6.288936,7.094719,0.10399973,-0.20967934,0.05253437,0.3229664,0.13193084,0.5505579,14.868751,18.5625,2.7562501,6
6,1.9659961530146888,6.313079388215491,7.099108754724905,0.10399973,-0.20967934,0.05253437,0.3144485405569783,0.1387934024091416,0.5512030601160165,14.86798234150595,18.56690344990963,2.765692428574608,6
6,1.9687795786470723,6.268082504801863,7.11360888458545,0.10399973,-0.20967934,0.05253437,0.3393754707664702,0.1540801295834337,0.5405875619712387,14.864234811666408,18.55088655805832,2.7656351200681804,6
6,1.9575690655989848,6.285294373448553,7.09097650232533,0.10399973,-0.20967934,0.05253437,0.3199460565966306,0.1303025342342999,0.563981097475213,14.868877275154052,18.557061422384667,2.7453698725440763,6
6,1.9805104422434865,6.287641219197134,7.105112974045114,0.10399973,-0.20967934,0.05253437,0.3158826295289781,0.1465788182815771,0.5532852020312912,14.86166229727096,18.557882800470928,2.7575045938907143,6
6,1.9689744818871264,6.2839383847895585,7.09165599901257,0.10399973,-0.20967934,0.05253437,0.338656923837529,0.1361177973427006,0.560947944781219,14.869953307927943,18.556063448830244,2.760376414384872,6
3,1.9070797,6.166304,7.2287173,0.1989892,-0.35353798,0.11270455,0.32146475,0.12343995,0.551584,13.33125,18.73125,2.2875001,3
3,1.8928424379369144,6.176767468349358,7.232078397125163,0.1989892,-0.35353798,0.11270455,0.3368786315144754,0.144152956529129,0.5483107899843164,13.314381156637348,18.73347642810874,2.2889771587076324,3
3,1.9209051276182103,6.166619528772232,7.2149635427643855,0.1989892,-0.35353798,0.11270455,0.3151832652363462,0.1320439637647031,0.5445044897151087,13.321745352396292,18.73407585368819,2.2901065292410223,3
3,1.9015781387296704,6.162980334169155,7.233792089568992,0.1989892,-0.35353798,0.11270455,0.3205970843940456,0.1188189613101741,0.5607721956464637,13.328697088452625,18.727851199558472,2.2764397911462573,3
3,1.9099750708299472,6.17250097162835,7.220453644465585,0.1989892,-0.35353798,0.11270455,0.3030448308740747,0.1043260983319691,0.5576759955903237,13.330656515475583,18.725912441783723,2.272511003668427,3
3,1.9003992629215072,6.178394643384418,7.236824957862055,0.1989892,-0.35353798,0.11270455,0.3336350996691946,0.1327632398815641,0.5422985122393804,13.323736664600618,18.718042143593937,2.290965639323408,3
9,1.8107685,6.153742,7.1898336,0.054366965,-0.06551525,0.042302385,0.320749,0.1262292,0.5540508,12.150001,17.8875,2.3812501,9
9,1.8188754304282595,6.140273438743241,7.194123828586735,0.054366965,-0.06551525,0.042302385,0.3106455535701122,0.1329578930054506,0.5510056185205838,12.14804874529355,17.87340141633619,2.3785449080740912,9
9,1.8100122236889864,6.166181782362467,7.186113272845917,0.054366965,-0.06551525,0.042302385,0.3311258893787744,0.1223494687412493,0.5623336232289744,12.154117879180312,17.882921480140944,2.404781735294812,9
9,1.7917371910501882,6.154090499871645,7.2056850459084485,0.054366965,-0.06551525,0.042302385,0.3120421405220501,0.123749588128916,0.5599048155821994,12.14072425452856,17.887582838102645,2.3851626150977343,9
9,1.834562233084816,6.1450099240712905,7.184929188043497,0.054366965,-0.06551525,0.042302385,0.3346484347183002,0.1399882322231425,0.5527584645241497,12.1276409823856,17.89102695017446,2.3916907059269703,9
9,1.8075844658310285,6.156097615536143,7.199510824079598,0.054366965,-0.06551525,0.042302385,0.3152880230442099,0.1076942296044412,0.5366298206673243,12.161172393626815,17.873993904495773,2.3872594509988305,9
5,1.7820547,6.172884,7.353742,0.14691298,-0.22647811,0.07269291,0.31331798,0.12725288,0.55143213,13.575001,18.581251,2.1750002,5
5,1.7710661168837618,6.1733837559570865,7.330791884250934,0.14691298,-0.22647811,0.07269291,0.3185044543589482,0.124986260540211,0.5527685268178518,13.560692028277538,18.578979629600887,2.1705714998790975,5
5,1.7930032317774,6.196815578276939,7.357364709149745,0.14691298,-0.22647811,0.07269291,0.3180725982844181,0.1293488052752002,0.5487950378949995,13.559569177448328,18.581973139312623,2.177562957509376,5
5,1.7816450799808756,6.171869772211676,7.3581765205563086,0.14691298,-0.22647811,0.07269291,0.3249184628640387,0.1294508258900454,0.5421650948619452,13.576204957138431,18.580306048517645,2.1754091637334576,5
5,1.780788188796986,6.181464010860688,7.369803675715394,0.14691298,-0.22647811,0.07269291,0.3083908562633962,0.1244374735446269,0.5381522002574747,13.583907298467922,18.597018798466017,2.156256164860346,5
5,1.7829081161655886,6.16308488759355,7.356900250901099,0.14691298,-0.22647811,0.07269291,0.2927611350505734,0.105527267914982,0.5484810824260004,13.59469132913742,18.558704729362297,2.1762293013487897,5
8,1.2933207,5.992226,7.4309106,0.09010255,-0.13622284,0.027488915,0.33936244,0.12947582,0.56298155,10.125,17.1375,2.9250002,8
8,1.293504704031517,5.996366040159539,7.443223361753159,0.09010255,-0.13622284,0.027488915,0.346298915757141,0.1403074353545245,0.550397350899395,10.103192537512536,17.12699297281444,2.9198214958781468,8
8,1.2994644899016108,6.004992200334595,7.417753169962129,0.09010255,-0.13622284,0.027488915,0.3510388598394029,0.1164762081308253,0.5754503049195612,10.123713614341476,17.134773010881318,2.9238472467211776,8
8,1.284266242834006,5.988258302688665,7.432309168140341,0.09010255,-0.13622284,0.027488915,0.3425090765539054,0.1275782402709055,0.6029968305729407,10.121678959374885,17.130962646517755,2.910546777560847,8
8,1.3002412799892475,5.999701659714761,7.413527582071527,0.09010255,-0.13622284,0.027488915,0.3313570962063012,0.1336011513888738,0.5583403621538569,10.13522573791019,17.13406545825439,2.9216315394718197,8
8,1.311768100671904,5.988373477134652,7.421405365865495,0.09010255,-0.13622284,0.027488915,0.337614675402712,0.1347476250715516,0.5626940461764623,10.130488388877106,17.137325082394444,2.9298320266811655,8
4,1.6941184,6.202196,7.268199,-0.01970039,0.006261364,-0.003817905,0.32296038,0.13445325,0.5628927,12.993751,17.831251,2.04375,4
4,1.695647321596855,6.195262806718904,7.257588735691536,-0.01970039,0.006261364,-0.003817905,0.3391558835724249,0.1288941424991553,0.5768672481477052,13.002446867247643,17.841393919130166,2.0369600970532846,4
4,1.6878970460785168,6.200967174109622,7.2798062619256205,-0.01970039,0.006261364,-0.003817905,0.3301258417320691,0.1370305568241135,0.5477641173346679,12.994654372442774,17.819681934227933,2.049323173203729,4
4,1.7042772428067652,6.190548890699775,7.270008890475289,-0.01970039,0.006261364,-0.003817905,0.3317771884539537,0.1368352045093148,0.5674462759951066,12.986004343139356,17.83348327727711,2.037329025137175,4
4,1.6956542675357196,6.199081041198219,7.285355557367398,-0.01970039,0.006261364,-0.003817905,0.3101986813656311,0.1251599957145747,0.55820855957371,12.989372868376387,17.837387216930008,2.0326879580599937,4
4,1.7146122425413275,6.191486920139481,7.277233808578071,-0.01970039,0.006261364,-0.003817905,0.3276760759015182,0.1430442510277284,0.5601083222244697,12.99410764779162,17.830747766225013,2.032120610692455,4
1,1.3166506,5.9910297,7.4446692,0.09407318,-0.1461494,0.052076224,0.3111464,0.13368176,0.55895483,13.012501,18.75,1.3125,1
1,1.3182636748845942,5.972398306601355,7.453162525756166,0.09407318,-0.1461494,0.052076224,0.3107905992416164,0.1363605676235873,0.5732895926091514,13.016931754126343,18.74569708280781,1.3066323671077087,1
1,1.3241591703125657,6.002995698847491,7.450802677802604,0.09407318,-0.1461494,0.052076224,0.3046546832950953,0.1392344218428739,0.5354197208839262,13.011348552787506,18.762601430685113,1.3051396007608809,1
1,1.3345131053074724,5.982324840991338,7.443758027628241,0.09407318,-0.1461494,0.052076224,0.3110389233908058,0.1292028681669096,0.5597478383445815,13.01929736453248,18.732781149975743,1.2967811812065222,1
1,1.3199593169741215,6.00390822469291,7.439853790206861,0.09407318,-0.1461494,0.052076224,0.3130514691302078,0.129031391377306,0.5584299432545897,13.015253526732046,18.756579462112143,1.3102204683225795,1
1,1.3184918370658003,5.988923152068624,7.430650667201152,0.09407318,-0.1461494,0.052076224,0.3187037113206931,0.1578400818293801,0.5732512636001956,13.011041537711968,18.748831595253044,1.3136187977270528,1
2,1.4638093,5.979664,7.350751,0.1867719,-0.35231626,0.09666935,0.30565107,0.13393515,0.55576956,13.25625,18.75,1.35,2
2,1.4715629021113945,5.991627758038198,7.343256958663608,0.1867719,-0.35231626,0.09666935,0.3129868570283706,0.1407641844714174,0.5658899307174261,13.259466206600306,18.743475198510364,1.340778449923126,2
2,1.4624297580853494,5.981894997987269,7.348508938834857,0.1867719,-0.35231626,0.09666935,0.3006101402059224,0.1362750918057512,0.5542651934689617,13.251290860008847,18.7428894322077,1.338314184182827,2
2,1.4561280262073115,5.987440873859718,7.361499554673883,0.1867719,-0.35231626,0.09666935,0.300758422755209,0.108398155414318,0.5443088089892933,13.256685047505776,18.75890332535099,1.3507659614780323,2
2,1.4572123197232882,5.996282666616545,7.338466045283804,0.1867719,-0.35231626,0.09666935,0.2875259489918769,0.1281357937867503,0.5410078176264934,13.256264811747064,18.738497138049823,1.336640162718559,2
2,1.4599288044878496,5.972556917705591,7.358028015606299,0.1867719,-0.35231626,0.09666935,0.3195664696474345,0.1348563261570646,0.5668216256296049,13.244147441052364,18.75739878277551,1.3536879333541858,2
9,1.6893328,6.0753765,7.413563,0.06704241,-0.14202607,0.024281874,0.31981668,0.12787169,0.5619336,11.306251,18.768751,1.5937501,9
9,1.6793124154668568,6.09141423460179,7.409197068654187,0.06704241,-0.14202607,0.024281874,0.317129819402381,0.1028616431170798,0.5458627602703092,11.295451811709093,18.770721251383176,1.5796898928920398,9
9,1.677941954157598,6.065604021030614,7.425913478950892,0.06704241,-0.14202607,0.024281874,0.315266349020461,0.1222743154657978,0.559623238501673,11.31209288346603,18.764740564914977,1.5874572727594245,9
9,1.68304951791849,6.067814850033092,7.411442442943499,0.06704241,-0.14202607,0.024281874,0.3091756648876544,0.1463940739105126,0.5587808064781945,11.285875672961362,18.766400461242448,1.5984121748281634,9
9,1.685701919238055,6.080559214585889,7.411245834115062,0.06704241,-0.14202607,0.024281874,0.3167440777193874,0.1110757893009332,0.5862450092452455,11.29235142869006,18.772018951783615,1.5802153254146196,9
9,1.7059850708517357,6.086791873967077,7.416965625153554,0.06704241,-0.14202607,0.024281874,0.3447066689287177,0.1292751807481686,0.5625804805162841,11.317038468702105,18.752503097121384,1.5827974961841906,9
