digit1,digit2,digit3,acc1X,acc1Y,acc1Z,gyro1X,gyro1Y,gyro1Z,rot1X,rot1Y,rot1Z,mag1X,mag1Y,mag1Z,acc2X,acc2Y,acc2Z,gyro2X,gyro2Y,gyro2Z,rot2X,rot2Y,rot2Z,mag2X,mag2Y,mag2Z,acc3X,acc3Y,acc3Z,gyro3X,gyro3Y,gyro3Z,rot3X,rot3Y,rot3Z,mag3X,mag3Y,mag3Z,digit4
2,1,4,2.3922246,6.1232333,7.140781,0.33750278,-0.34193155,0.16859868,0.31544104,0.110243976,0.55580336,11.6625,17.925001,8.587501,2.5968108,6.2201424,7.033104,-0.023060145,0.08933897,0.013133593,0.33024657,0.099312134,0.5533103,10.59375,17.15625,8.681251,2.5722845,6.1884375,7.0414786,-0.07422007,0.06780599,-0.023365578,0.3177864,0.105532125,0.55960834,9.75,16.650002,8.775001,8
2,1,4,2.386424488858077,6.133147388468812,7.134493148050464,0.33750278,-0.34193155,0.16859868,0.3012708380175446,0.0978593600810557,0.5488038926621969,11.660667768333251,17.939952862453804,8.577735438733617,2.6165136232259742,6.223776404396542,7.034614341291454,-0.023060145,0.08933897,0.013133593,0.3533273441550123,0.0954359179696813,0.5567632670668204,10.618415265912777,17.146450872427444,8.679047941742954,2.5708106429823565,6.191900812635171,7.036451853753835,-0.07422007,0.06780599,-0.023365578,0.3207078044916864,0.1093569026473781,0.5669726823046795,9.75830390767921,16.648217985778132,8.789651252883752,8
2,1,4,2.4008517287091844,6.134190677855084,7.146338701252622,0.33750278,-0.34193155,0.16859868,0.3012169079798898,0.1072103910320303,0.5631898655826634,11.664070434369574,17.940400489125224,8.586318228408041,2.5977140969855412,6.2496670164196395,7.033745251747108,-0.023060145,0.08933897,0.013133593,0.3300968065580379,0.097710804913971,0.5546184850992284,10.594986654714214,17.163814969494783,8.679749324472212,2.577671000116071,6.194515232948661,7.059531018186023,-0.07422007,0.06780599,-0.023365578,0.3119619336268144,0.1126432357421423,0.5379982119747864,9.746210907393156,16.639777502835997,8.776690541159047,8
2,1,4,2.389145802156702,6.125802152446342,7.126968076896931,0.33750278,-0.34193155,0.16859868,0.3284774759078243,0.1011953672911173,0.5503564135440997,11.664432694669298,17.936479999500147,8.590697419102124,2.5829421914586916,6.212032953776872,7.033044016156379,-0.023060145,0.08933897,0.013133593,0.3436848088015027,0.099280629722406,0.5714241066734828,10.6165956422781,17.14866875782625,8.679037113202554,2.5997859076960164,6.1915940937428795,7.032844809573657,-0.07422007,0.06780599,-0.023365578,0.3132087605559983,0.0866099158827401,0.5605960792344713,9.745505945523025,16.651777069550345,8.775241154071889,8
2,1,4,2.392742798624932,6.109564782397246,7.139837557359969,0.33750278,-0.34193155,0.16859868,0.3226307801532831,0.1037687481001726,0.5594073944035314,11.644249283642324,17.932971558172582,8.585993404713834,2.5739689701607293,6.227445285420355,7.036529060718027,-0.023060145,0.08933897,0.013133593,0.3185646240217447,0.0866216206057479,0.5491725227413727,10.603467564791949,17.15543415197383,8.68138686054965,2.5717422467493014,6.191099708313233,7.0509827516459245,-0.07422007,0.06780599,-0.023365578,0.3209169066135061,0.0897950638298184,0.5445064212162686,9.739676632761231,16.655369269062863,8.755476926498446,8
2,1,4,2.3943484615218837,6.124916361919114,7.149292163721577,0.33750278,-0.34193155,0.16859868,0.3269641210131523,0.092089205736912,0.5685240500200798,11.662465278813317,17.92583528905908,8.599172692741234,2.598107842774416,6.222803133892646,7.041770227141404,-0.023060145,0.08933897,0.013133593,0.3306624872426961,0.0874400741470135,0.5529105429288912,10.582900323107072,17.138247249508435,8.668709038472924,2.564030562965351,6.188910993064037,7.032216117493867,-0.07422007,0.06780599,-0.023365578,0.3209190228560688,0.1093307904136086,0.5685247319556062,9.759238398587948,16.633868937856146,8.769447784332716,8
7,2,5,1.4835501,5.8504515,7.489535,0.043371398,0.0006108648,0.0013744457,0.3069256,0.12921965,0.57521135,12.056251,17.2875,7.6687503,1.9806589,5.966503,7.34776,0.052687086,-0.07925971,0.10415245,0.31714326,0.1222466,0.57719886,11.64375,16.987501,7.6687503,2.2737796,6.0604215,7.3256264,-0.0368046,0.08567379,0.004123337,0.3251469,0.117455624,0.58035415,10.9875,16.6875,7.5375004,5
7,2,5,1.4923081248604504,5.854181493092984,7.482455935138876,0.043371398,0.0006108648,0.0013744457,0.3063239567830075,0.1295363948949623,0.5730229066851065,12.042140450451669,17.283464921024752,7.67529572055164,1.989665412713642,5.961945634163453,7.348854355776401,0.052687086,-0.07925971,0.10415245,0.3192322373423128,0.120271069056078,0.5759886093061949,11.643429654536751,16.991563492449462,7.667130775745312,2.2799432862770903,6.071734386478038,7.335062830152052,-0.0368046,0.08567379,0.004123337,0.3374192177532006,0.1059912089278263,0.5723149409832983,10.99637436964518,16.688753820829174,7.53641377384695,5
7,2,5,1.4795477656155387,5.837912458795466,7.496276076038171,0.043371398,0.0006108648,0.0013744457,0.3059773849248769,0.1295972093456205,0.59042095786301,12.066023752218,17.294648828686896,7.670539385625268,1.9665118218560695,5.954527614692908,7.336627523253539,0.052687086,-0.07925971,0.10415245,0.3103746504541342,0.1078788539402752,0.5835896231066688,11.633619846204043,16.992587620364834,7.670021271837591,2.2725090594702677,6.051360649812256,7.337267903815481,-0.0368046,0.08567379,0.004123337,0.3249830174360724,0.1179412979640695,0.5686785626837931,10.973034955211844,16.67341272461507,7.532546746583857,5
7,2,5,1.490495312736557,5.84833978022193,7.485127305611275,0.043371398,0.0006108648,0.0013744457,0.3144258409149292,0.1344212904528409,0.5918971241945714,12.063584712542845,17.27690529275262,7.662849909035226,1.976997471732476,5.969641541891351,7.3511650869441985,0.052687086,-0.07925971,0.10415245,0.3158578667046542,0.136910483739319,0.6019115245050255,11.639285070797111,16.9877567251299,7.666766725739482,2.2717267018977445,6.075563919952236,7.318564946387111,-0.0368046,0.08567379,0.004123337,0.339183482636765,0.0997109620795229,0.5851599334693832,10.992706219063471,16.6762356457978,7.547005042934691,5
7,2,5,1.490167606242546,5.855319399700609,7.477566875138295,0.043371398,0.0006108648,0.0013744457,0.3010163199223962,0.129867305655741,0.5745366786554444,12.05611386543338,17.279338809142587,7.674295325549497,1.9744858743551803,5.96013551270368,7.360642409992333,0.052687086,-0.07925971,0.10415245,0.3302015758598636,0.1175840243087882,0.5753496768140094,11.661634094561837,16.985320368998174,7.65542897430615,2.2845317053973195,6.074157567037762,7.334882984793394,-0.0368046,0.08567379,0.004123337,0.3210554335361117,0.1219354842738938,0.5910830649392941,10.992929854199229,16.699260719060312,7.524747925314246,5
7,2,5,1.4893695778946632,5.8405567022280875,7.48567463279517,0.043371398,0.0006108648,0.0013744457,0.3205752600078431,0.1302939675378773,0.5806083452059325,12.056270556274836,17.289527618498663,7.661281739021093,1.979319688275431,5.953602072432483,7.345494015821454,0.052687086,-0.07925971,0.10415245,0.3113420931235683,0.1185914079382434,0.5697933954805051,11.65587071565843,17.01439008682357,7.67309619930193,2.2636087043057116,6.049990672449963,7.325857663138835,-0.0368046,0.08567379,0.004123337,0.3196245067643203,0.1226854754944286,0.5732932104930089,10.98672481266503,16.688075731991436,7.532149917063758,5
7,9,3,1.4452649,5.456234,7.7964144,0.09086613,-0.113926284,0.027641632,0.28185213,0.11957671,0.5803284,11.137501,18.018751,7.1062503,2.359323,5.9288163,7.3172517,-0.009162972,0.004123337,-0.0048869182,0.3175542,0.1019161,0.567266,10.181251,17.400002,7.275,2.8594232,6.111269,6.9559355,-0.03054324,0.024587307,0.015882485,0.3475973,0.089635715,0.56272113,5.0437503,13.89375,8.55,2
7,9,3,1.4370131170701042,5.469844995439857,7.79214632907421,0.09086613,-0.113926284,0.027641632,0.2776576656622359,0.119307331877276,0.5847553909623948,11.14507494637141,18.01898325852607,7.101134730069953,2.3510610594282144,5.913406146634564,7.3195282946486255,-0.009162972,0.004123337,-0.0048869182,0.3131679970096351,0.0850198220961722,0.5634050107785487,10.184084382363672,17.400557368863677,7.278174169485185,2.8879199121779693,6.123599872850636,6.959937290702981,-0.03054324,0.024587307,0.015882485,0.3486858005039658,0.0767015723137281,0.5677755179714254,5.038388550118174,13.881285566866708,8.564511158651644,2
7,9,3,1.4593835646339302,5.458421486858487,7.770928747893634,0.09086613,-0.113926284,0.027641632,0.2804155404252431,0.1250411804452386,0.5760072508805535,11.137824344720824,18.011076114253047,7.096722903446319,2.387255787137563,5.922874866162774,7.307658101786668,-0.009162972,0.004123337,-0.0048869182,0.3110841961283084,0.1036950990440251,0.5646810396824554,10.179410038141969,17.39582470767536,7.291230159233914,2.8518418780553874,6.116102161724208,6.961497574458471,-0.03054324,0.024587307,0.015882485,0.3562826208957257,0.096849927586229,0.5629771561517809,5.04028542162895,13.89451439257458,8.557944815212611,2
7,9,3,1.4383866419905609,5.4611219711544745,7.789019633492245,0.09086613,-0.113926284,0.027641632,0.288100963956892,0.1189774351894392,0.5743044382372762,11.12524457439961,18.015721253010945,7.112107454307914,2.3694093154782223,5.929438982048381,7.314384397489692,-0.009162972,0.004123337,-0.0048869182,0.319093053721743,0.0997147660655351,0.5567153132696515,10.177701168699777,17.37972154245722,7.27958381855986,2.868913783130469,6.097217445956156,6.9510789732587925,-0.03054324,0.024587307,0.015882485,0.3323811831055955,0.0889745053981979,0.5565708484353967,5.04157700682657,13.886653948376551,8.56168832107733,2
7,9,3,1.4394192584830003,5.452925252205465,7.805874354756023,0.09086613,-0.113926284,0.027641632,0.2828007809470946,0.1302853283101767,0.5582734795418534,11.128650256997776,18.004568321485173,7.084677878371325,2.3628907905527377,5.938391387737423,7.304605917873445,-0.009162972,0.004123337,-0.0048869182,0.321303595782705,0.0911051813536575,0.5724451032638472,10.181546857473403,17.390045554619622,7.272674361857123,2.86676224055294,6.112268748130145,6.960883349545256,-0.03054324,0.024587307,0.015882485,0.3418457072098492,0.0816010726760337,0.558131200870058,5.04862810505273,13.871998622359904,8.556826352846741,2
7,9,3,1.4370367322073014,5.440017829981559,7.7983864195346175,0.09086613,-0.113926284,0.027641632,0.2988169670322245,0.1235951735733994,0.588012029547102,11.142754404869883,18.01637541271432,7.115126527525114,2.364637494158082,5.935097832696762,7.303955608395871,-0.009162972,0.004123337,-0.0048869182,0.3294310869104586,0.1063643197597021,0.5565591328794909,10.19237391832394,17.401053090269105,7.281480794723096,2.865832701368816,6.121272576027693,6.952954448475784,-0.03054324,0.024587307,0.015882485,0.347036008635782,0.0862834318734927,0.5496081007070244,5.064603046447553,13.89128557314143,8.531994475579076,2
5,8,2,1.835295,5.705087,7.5786676,0.07574723,-0.101250835,0.0108428495,0.30473295,0.10852482,0.57343775,10.106251,17.90625,7.8562503,1.9166509,5.814559,7.475776,-0.011453714,0.007788526,0.0044287695,0.31663436,0.107562184,0.5725081,9.20625,16.725,8.0625,2.3892334,6.0119667,7.3728848,0.091782436,-0.16264275,0.034208428,0.32186258,0.107170954,0.5731284,8.08125,15.731251,8.15625,0
5,8,2,1.8304840915981264,5.720965335272281,7.5698793392910675,0.07574723,-0.101250835,0.0108428495,0.3008224093475649,0.1228889453481984,0.5789150695265356,10.093811991885952,17.925269245934892,7.851514005785674,1.9104512780145724,5.810765639844472,7.477865127083058,-0.011453714,0.007788526,0.0044287695,0.3193430287884186,0.1043127296362559,0.5729985846871188,9.209381102383306,16.722827967895352,8.073436616372424,2.3891936372404783,6.018696619968233,7.358791650237437,0.091782436,-0.16264275,0.034208428,0.3306117826734903,0.1155298032822789,0.558528817240688,8.086105715229838,15.720230952713427,8.168487593281007,0
5,8,2,1.8380942068257855,5.707488008484917,7.575784439246269,0.07574723,-0.101250835,0.0108428495,0.2979889312717933,0.1117018295791364,0.5534387626536792,10.112613691913134,17.891011063322747,7.845804062247138,1.928283126540107,5.821065657998505,7.485904807542794,-0.011453714,0.007788526,0.0044287695,0.303042271806729,0.1080920093290905,0.5648969930328431,9.219764380265776,16.719074719647242,8.05701604411334,2.403047918786788,5.9945246900579425,7.376922072471209,0.091782436,-0.16264275,0.034208428,0.3178281553619497,0.0959125085170239,0.5729829367874228,8.089446854688333,15.728224163030935,8.159621507745406,0
5,8,2,1.8367384378681,5.698174114543011,7.565399856069776,0.07574723,-0.101250835,0.0108428495,0.294773941923512,0.1055352307336944,0.5642383163770424,10.106674434684347,17.899526766749286,7.869749870437203,1.921502918839746,5.802031712753074,7.47658343852244,-0.011453714,0.007788526,0.0044287695,0.3173735726915373,0.1104873108583732,0.5737382496443338,9.2012044310587,16.727354193819725,8.063156678750941,2.3915737383710876,6.018610569774636,7.3749429502924,0.091782436,-0.16264275,0.034208428,0.317885361466399,0.1202850233008541,0.5620545907809694,8.06589769936237,15.716229961507803,8.158789963623262,0
5,8,2,1.833811007738068,5.702515869529176,7.581792848017435,0.07574723,-0.101250835,0.0108428495,0.2978658752654529,0.1101165027155176,0.5743009205149524,10.102873679254929,17.89796528067487,7.854048046410328,1.9160787379977593,5.82073133039233,7.465475639406041,-0.011453714,0.007788526,0.0044287695,0.3040165702211508,0.1024979196172934,0.5734238551993658,9.19591452601709,16.731105304952056,8.066054347837536,2.4006504294276874,6.0107056263001875,7.361821503948224,0.091782436,-0.16264275,0.034208428,0.3245898381557487,0.0974569260005448,0.577592863732598,8.0713716354219,15.73991284440344,8.151982841842962,0
5,8,2,1.837950650179025,5.715539872815702,7.578830787473343,0.07574723,-0.101250835,0.0108428495,0.3009791266923911,0.10886919098556,0.5702602536242336,10.098763140602715,17.91065976999385,7.846996297688968,1.9015874670460904,5.824079777387419,7.455467836313616,-0.011453714,0.007788526,0.0044287695,0.3010476692933378,0.1055120708815607,0.5682852961938377,9.197215819584368,16.738963300216454,8.057733493413233,2.386247840993373,6.011283083964251,7.373042579653478,0.091782436,-0.16264275,0.034208428,0.3167246945043976,0.1102660427171305,0.6000697531683734,8.073228989581477,15.743676939892424,8.167359112375465,0
7,5,1,1.899303,5.8677993,7.645068,-0.01970039,0.083688475,-0.0036651888,0.31298912,0.11363966,0.5714213,10.725,17.268751,7.6312504,1.8903298,5.931209,7.5116687,0.10262528,-0.101708986,0.021227552,0.31984505,0.11595289,0.5702111,10.668751,16.893751,7.74375,1.9046868,6.013163,7.1694946,0.04886918,-0.014355322,0.021991132,0.3205878,0.11647427,0.5694336,10.462501,16.5375,7.8187504,3
7,5,1,1.9025887616790031,5.866535598053972,7.660385384330311,-0.01970039,0.083688475,-0.0036651888,0.3020448721592739,0.0948082531256324,0.5650285053968485,10.735325163188834,17.256652575016105,7.627344948022675,1.8905101343099728,5.940834957011177,7.493349049965467,0.10262528,-0.101708986,0.021227552,0.3207326648627124,0.1098646385326558,0.5732338353292807,10.641782139561665,16.879089477723088,7.7305200281284705,1.9082910728274705,6.026274569225986,7.170629806321252,0.04886918,-0.014355322,0.021991132,0.3199279448089198,0.1110418081946075,0.5805250045559098,10.477783420543869,16.543939799418784,7.828838381024028,3
7,5,1,1.901031785495372,5.8617442877231145,7.6461524540346595,-0.01970039,0.083688475,-0.0036651888,0.3069050370605971,0.1178026817106718,0.5714015532073035,10.733875572882976,17.259181137565346,7.619360099098957,1.8810141562769265,5.951132179269889,7.51550112343685,0.10262528,-0.101708986,0.021227552,0.3223065146471845,0.1157865324949138,0.5660535845018589,10.66167788939937,16.91220648441614,7.7297013848780844,1.8914678162085663,6.013973144571156,7.16380356032504,0.04886918,-0.014355322,0.021991132,0.3233979734860517,0.1161623943059842,0.5515370086159754,10.48019322784916,16.546184240428346,7.814506091879721,3
7,5,1,1.8953522911371337,5.8876162983496005,7.644091162345701,-0.01970039,0.083688475,-0.0036651888,0.3175515450983745,0.1324625911306736,0.5852824697481558,10.74173269181352,17.26993222866121,7.637074079870769,1.8782691436668664,5.935458082242576,7.518374466266296,0.10262528,-0.101708986,0.021227552,0.3048668097536217,0.1222379827615991,0.5541867891335422,10.67439064911238,16.89989005939846,7.73863054595417,1.8988878979864607,6.026395417768089,7.171177593717835,0.04886918,-0.014355322,0.021991132,0.3398677949697736,0.1138271905250689,0.5594070513295887,10.463423669844778,16.525713696938524,7.818021290796814,3
7,5,1,1.883715390655368,5.8785917719019745,7.639221057162195,-0.01970039,0.083688475,-0.0036651888,0.3088461521591834,0.121954164017712,0.5602388990746714,10.717577762284089,17.266064006176354,7.6390686053623105,1.8992349935725672,5.914254185036342,7.524665850172605,0.10262528,-0.101708986,0.021227552,0.3331638615323373,0.1415224208941529,0.5707933304625725,10.682419675014948,16.90002873912762,7.725678742081101,1.904532200643601,6.017530207205088,7.167824189060031,0.04886918,-0.014355322,0.021991132,0.3267512900486702,0.0939397724455478,0.5488216212218532,10.465338104619748,16.52615419932022,7.809803745734712,3
7,5,1,1.9044959968243411,5.872516494657362,7.661672241573154,-0.01970039,0.083688475,-0.0036651888,0.3054049399738013,0.1296587864839681,0.5631229849988132,10.726659544423716,17.26859009094294,7.627586204127232,1.8989276770111552,5.944874747922135,7.504102144472177,0.10262528,-0.101708986,0.021227552,0.3070823716796586,0.1123909535142869,0.5678874572393334,10.663600229708946,16.88978789181897,7.750050591121479,1.8970900397988104,6.018539954510088,7.158203412276444,0.04886918,-0.014355322,0.021991132,0.31857510479284,0.1094459397896494,0.5784483544314459,10.446834488752872,16.550920968231203,7.80610166394918,3
4,0,9,1.6498512,5.599205,7.7425756,0.052687086,-0.017409647,0.03375028,0.281473,0.11718715,0.5768405,11.75625,19.03125,7.7250004,1.5834504,5.5543394,7.7120676,0.015882485,0.015577052,0.020769402,0.28972024,0.117257565,0.58153725,11.34375,18.6375,7.6125,1.6295122,5.605187,7.6683984,0.062155493,-0.17272201,0.06994402,0.29329562,0.11644996,0.5815123,11.025001,18.31875,7.5375004,1
4,0,9,1.653446686255046,5.58863581311295,7.759463056253704,0.052687086,-0.017409647,0.03375028,0.292548581934948,0.1131555863109167,0.5757353803456264,11.751215582749795,19.02342336521282,7.717472000127457,1.6016270776857484,5.559122727658222,7.709972978253576,0.015882485,0.015577052,0.020769402,0.3015178931136358,0.112879738096482,0.5803540193958054,11.33853835583983,18.639952059111813,7.619695520735199,1.631401432384211,5.609186075834352,7.657550716638091,0.062155493,-0.17272201,0.06994402,0.2928016166815624,0.1278899374776723,0.5747400235842189,11.025860411164771,18.31358006748407,7.54273734156498,1
4,0,9,1.63971432268393,5.595182723775219,7.74538920846934,0.052687086,-0.017409647,0.03375028,0.287201532189917,0.1047904978286325,0.587239178253855,11.749427280585364,19.03427719331872,7.744779079385981,1.5759015124191282,5.5497823146677865,7.70485129331499,0.015882485,0.015577052,0.020769402,0.2877581216111352,0.1550697526265075,0.5867249592646628,11.35056731561775,18.63090428334999,7.620827770542586,1.616124356912993,5.607822263275221,7.665484384658387,0.062155493,-0.17272201,0.06994402,0.2866079043517203,0.1225732640739723,0.5724777661139537,11.013677829396892,18.32997590035844,7.521105312100896,1
4,0,9,1.6488314588869584,5.586609609380893,7.742851978513482,0.052687086,-0.017409647,0.03375028,0.2769734037007527,0.1287754786406827,0.5769320960711706,11.754290473220603,19.037344880156137,7.7366178671447505,1.57574325132989,5.56145018617294,7.71739443268159,0.015882485,0.015577052,0.020769402,0.2727519527131461,0.1255143155519849,0.5763932529394793,11.342287075505205,18.62247883894494,7.590265281150686,1.6210132542460989,5.602978523335931,7.649741942291966,0.062155493,-0.17272201,0.06994402,0.2917459868745041,0.1216987295632951,0.5911477222673621,11.020205620797608,18.330255457996785,7.53976971272763,1
4,0,9,1.642104042283702,5.608262085738345,7.738316681127602,0.052687086,-0.017409647,0.03375028,0.2811280097186253,0.1143608726132281,0.581340207910944,11.76517590625599,19.0321463228154,7.720113630774602,1.584518473770728,5.550072070954379,7.70784987471596,0.015882485,0.015577052,0.020769402,0.2901646338374041,0.1092120371489901,0.5829424649034459,11.337225080584712,18.627111242760837,7.603872245434686,1.6305847251809875,5.613612105419002,7.676006634380015,0.062155493,-0.17272201,0.06994402,0.2903633709800928,0.1086703172620595,0.597465392636281,11.042637353408802,18.31951434935273,7.540280870323354,1
4,0,9,1.6583079778796628,5.594067301264785,7.747173403455879,0.052687086,-0.017409647,0.03375028,0.3060550424566148,0.1197414457118465,0.5815839881992505,11.744756294589433,19.0254688283855,7.729531629013987,1.5733987045011188,5.552093755918576,7.702952451011563,0.015882485,0.015577052,0.020769402,0.2842222067231765,0.1188695137584641,0.5565827110923478,11.34148491965466,18.626189334047304,7.626998626984026,1.6286989515837778,5.6007551235097095,7.670179106986214,0.062155493,-0.17272201,0.06994402,0.2868035464992586,0.112406612315157,0.5781598011180483,11.026448902175378,18.309054103419413,7.539172305601523,1
0,3,6,1.4530416,5.6033926,7.829914,0.053908817,-0.07238748,0.031001387,0.2860572,0.12202064,0.57666945,12.056251,18.675001,7.275,1.7318054,5.721837,7.589435,0.24006985,-0.5259546,0.10690133,0.3329666,0.09620186,0.5615024,11.26875,17.587502,7.7625003,1.7455641,5.59741,7.664809,0.124616414,-0.23564109,0.098654665,0.2939521,0.12014397,0.57159764,8.118751,16.25625,8.493751,7
0,3,6,1.454707583072063,5.6199357014140014,7.817158624451572,0.053908817,-0.07238748,0.031001387,0.2806130003203236,0.1262521222163708,0.5739889451104486,12.048316269193288,18.67790033119001,7.273647914554284,1.7402431033366106,5.7295485871509815,7.615561996479391,0.24006985,-0.5259546,0.10690133,0.3347853528753812,0.1182728826761424,0.5408457547045643,11.255651324965845,17.58566573778424,7.770058875801741,1.7571191497646257,5.582645336032168,7.669138794851118,0.124616414,-0.23564109,0.098654665,0.2839246784188944,0.1246029074155569,0.5706278197467978,8.120675359749958,16.283461075291797,8.485107644127043,7
0,3,6,1.4444115957223245,5.598696114648375,7.844064645689454,0.053908817,-0.07238748,0.031001387,0.3011426092702305,0.1386421117497425,0.5669838964887127,12.05860658224461,18.66069332562867,7.273760538519154,1.7364531124284834,5.708135905823538,7.577766498808518,0.24006985,-0.5259546,0.10690133,0.3174356145304006,0.0998002662426535,0.554808816517876,11.264940935959268,17.58835742268453,7.737942217395535,1.7381372994949391,5.60605122004265,7.668612676471999,0.124616414,-0.23564109,0.098654665,0.287960879076639,0.1294162204298837,0.5713738211303218,8.128186616130725,16.257932908385797,8.504387411010459,7
0,3,6,1.4513987984453962,5.5892212576755025,7.829734080296885,0.053908817,-0.07238748,0.031001387,0.3016958704055242,0.1282185833643753,0.5887615415879752,12.04913450590521,18.683477182514057,7.257521176530558,1.7420660597798885,5.722959780470274,7.59579777420199,0.24006985,-0.5259546,0.10690133,0.3318716559425101,0.082257350500243,0.5660988308470948,11.256392240275051,17.59827839910747,7.762757304555157,1.7165934254418935,5.606103754111528,7.6812415749046,0.124616414,-0.23564109,0.098654665,0.2915220096811288,0.1094825437718881,0.5743334381611553,8.116761568215804,16.275871362223864,8.488764763724305,7
0,3,6,1.4605171625621989,5.603383536779904,7.8234968477252,0.053908817,-0.07238748,0.031001387,0.2900709703455508,0.1415063947634819,0.5625442036366946,12.050941242397016,18.671129660909557,7.263233140199631,1.73466011062257,5.724161556630194,7.599825885808174,0.24006985,-0.5259546,0.10690133,0.3512058984654921,0.0952178324827299,0.574363698509723,11.277763429435833,17.592724339106653,7.757314493479638,1.7499313090819753,5.5979352773442,7.671123228680074,0.124616414,-0.23564109,0.098654665,0.3144654806196534,0.1250560134379567,0.5879583531544061,8.113024672766779,16.248854014525605,8.489709706670942,7
0,3,6,1.4637506622872145,5.605421425691477,7.836767835725735,0.053908817,-0.07238748,0.031001387,0.286383754498661,0.1220006178283497,0.5970072783726268,12.06578046187497,18.661237190769526,7.275770412932128,1.7247028944534124,5.724124249167239,7.604795573746426,0.24006985,-0.5259546,0.10690133,0.3343111385000781,0.1068245042878432,0.5744481472111677,11.262047726694874,17.56577991923555,7.7737276983742705,1.745194545264843,5.592798403291625,7.668425719769512,0.124616414,-0.23564109,0.098654665,0.2782646985161733,0.1219319881512822,0.5748084645390479,8.123672546488732,16.245314740434562,8.488244486921186,7
1,2,8,1.5224334,5.757131,7.6181493,0.19685118,-0.3084867,0.045203995,0.27851686,0.13115963,0.56954026,15.13125,20.04375,7.6875005,2.2175484,6.090332,7.348358,0.06627883,-0.1188132,0.041844238,0.30434057,0.11818935,0.5591268,13.875001,18.88125,8.175,1.6295122,5.7577295,7.494919,0.04214967,-0.05054906,0.017867794,0.2973913,0.12496613,0.5769181,10.275001,16.087502,8.118751,5
1,2,8,1.523181622269695,5.750980296205735,7.630238733970266,0.19685118,-0.3084867,0.045203995,0.2900970534767295,0.1176107406279506,0.583358367166885,15.140457031160768,20.03604451855612,7.702046087735483,2.2118759031092625,6.092120485158752,7.346347250142059,0.06627883,-0.1188132,0.041844238,0.2932112078882301,0.1302016899757863,0.5640392989015919,13.885195539848713,18.86497613933019,8.180866186757708,1.6297888986743845,5.774621626247137,7.483122693109909,0.04214967,-0.05054906,0.017867794,0.295910898377482,0.1342555550174246,0.57341732904859,10.278869955774686,16.08972341500168,8.139343316373521,5
1,2,8,1.5049733060605262,5.771018963887443,7.610526606495488,0.19685118,-0.3084867,0.045203995,0.277340417760879,0.1330281360049593,0.5755538140572195,15.134559601798973,20.03000617312638,7.686913704003602,2.2141215553972,6.06670747856992,7.353369355550149,0.06627883,-0.1188132,0.041844238,0.3263715157341506,0.1192362338745278,0.5566143142331786,13.878506014276873,18.88048745843854,8.171747758191767,1.6532464396368736,5.765279291672147,7.48224650391706,0.04214967,-0.05054906,0.017867794,0.2978141506664309,0.1262748754124785,0.570719483264022,10.276216908202157,16.087565495038184,8.103944343497764,5
1,2,8,1.5432703772090528,5.758010310966315,7.613752699717776,0.19685118,-0.3084867,0.045203995,0.2644609906609045,0.131797791098399,0.5789606640227726,15.143002149040443,20.026365987733563,7.690517046466254,2.2198917807016656,6.082874819214609,7.367992766199373,0.06627883,-0.1188132,0.041844238,0.3138033128589454,0.1191475397445459,0.5575743656136535,13.86758950694894,18.875457082120676,8.181404889321716,1.6259684877247222,5.744191098206741,7.513040397651182,0.04214967,-0.05054906,0.017867794,0.2990904328672534,0.1375811466006704,0.5844236415639874,10.269932680329203,16.081010091682256,8.138603481713496,5
1,2,8,1.5178734830667988,5.7656851088863075,7.635579090602876,0.19685118,-0.3084867,0.045203995,0.2884851570235276,0.1430660017953221,0.5749556913053463,15.12797132852134,20.042768265968235,7.686041800799346,2.211690209642462,6.085778876756774,7.358647922412819,0.06627883,-0.1188132,0.041844238,0.3166784609041381,0.1176270116337068,0.5542065562254315,13.883537532647406,18.875926801265795,8.177694611043702,1.6282355332265956,5.749928922839505,7.496525270987438,0.04214967,-0.05054906,0.017867794,0.3158777757209196,0.1244345340685425,0.5800610510325963,10.289531143356516,16.082538941623785,8.117564114084999,5
1,2,8,1.5357770192971318,5.762550361624293,7.618129413073651,0.19685118,-0.3084867,0.045203995,0.2855638735892366,0.1315992297964108,0.5725188034026465,15.135724188916017,20.045494713711086,7.706742140659519,2.2088216367379596,6.10110538145101,7.340431891220432,0.06627883,-0.1188132,0.041844238,0.307461375502183,0.1175431930543717,0.5465032980776355,13.85018263797378,18.88356485450908,8.174854454196456,1.632414724109018,5.759892121115146,7.498150783411739,0.04214967,-0.05054906,0.017867794,0.2985885988160318,0.135305219257426,0.5683349778919942,10.268763099779342,16.06515397156494,8.100992379935859,5
6,7,0,2.105684,5.971887,7.411768,0.061239194,-0.08781181,0.04214967,0.31565943,0.113672264,0.56471276,12.431251,17.8125,8.0625,1.5888343,5.8103714,7.517052,-0.05421425,0.20479241,-0.02932151,0.31565943,0.113672264,0.56471276,11.925,17.5125,8.25,1.3938192,5.5908303,7.789236,-0.018325943,-0.014508039,0.0074830935,0.3040001,0.12625141,0.57645273,11.4375,16.9125,7.7250004,2
6,7,0,2.1041410500565445,5.982863974907543,7.406439722274419,0.061239194,-0.08781181,0.04214967,0.3247907196754917,0.117650664935382,0.5620399805027934,12.41946841941084,17.82910983915152,8.069133240316123,1.5848906732773762,5.793834454753819,7.518971516932477,-0.05421425,0.20479241,-0.02932151,0.3178299976236253,0.0994940509888991,0.5617327474909923,11.907214064064531,17.51374040057348,8.252422616620565,1.403768871506319,5.604305488960839,7.784024912908406,-0.018325943,-0.014508039,0.0074830935,0.3021761234640742,0.1205070268507139,0.5876267937201478,11.441648780059335,16.927982990887287,7.714752846697968,2
6,7,0,2.1002661404842797,5.971667872206358,7.412126901678269,0.061239194,-0.08781181,0.04214967,0.3214914086301552,0.1167768661486279,0.583104335661348,12.43564390769391,17.785583100668784,8.073595517883108,1.6051361841815366,5.814549440547129,7.522631645602869,-0.05421425,0.20479241,-0.02932151,0.3088708934487374,0.1228437541697664,0.5810069602122786,11.93395412056782,17.513804862697757,8.263027401456995,1.3795063964356071,5.591663875345261,7.78646819630694,-0.018325943,-0.014508039,0.0074830935,0.3212188335863145,0.1389212746388227,0.5718553628739013,11.416036484474064,16.910682909957814,7.731660653326281,2
6,7,0,2.107288094561735,5.970974790774525,7.416208744287668,0.061239194,-0.08781181,0.04214967,0.3066499938907875,0.0898383759591189,0.5532276716553177,12.443171321449698,17.81558767824942,8.045663610467265,1.5970792977636914,5.8193116245472725,7.529485875078111,-0.05421425,0.20479241,-0.02932151,0.3091753884490719,0.1192851463116804,0.5700989817913268,11.929647367640948,17.522353663383576,8.254772774566206,1.3925458075035573,5.581661721499655,7.786376539346091,-0.018325943,-0.014508039,0.0074830935,0.3279525768005343,0.1492145279032478,0.5708396227870632,11.423366057129256,16.92473333602391,7.708905963177669,2
6,7,0,2.1053250041340457,5.970255195667226,7.4184369864932656,0.061239194,-0.08781181,0.04214967,0.3215912397921607,0.1126231399459499,0.5762776040996327,12.423577835652823,17.80883841596274,8.07294101386876,1.5887051863066752,5.8088096480532485,7.517105914759726,-0.05421425,0.20479241,-0.02932151,0.3124080285689762,0.1231043644823664,0.5826735256624428,11.918733193208624,17.510297325500627,8.237858354196776,1.4032248773437583,5.594689471352935,7.790556033238076,-0.018325943,-0.014508039,0.0074830935,0.3215124639839523,0.1044318569877612,0.5797488028779181,11.432827531383667,16.90203738519707,7.717388449090781,2
6,7,0,2.125760622125235,5.963449619811766,7.4036408669824,0.061239194,-0.08781181,0.04214967,0.3057848745382817,0.1259599299241064,0.5701115794772168,12.428010416220888,17.79452418713701,8.055630603615324,1.576788007472938,5.808619221331205,7.540631161896786,-0.05421425,0.20479241,-0.02932151,0.3090386260290464,0.1053546897400375,0.5564870266051978,11.925352277585644,17.532951079201418,8.244559541665334,1.4033454906184577,5.586669846122685,7.803098656383842,-0.018325943,-0.014508039,0.0074830935,0.2910336614937463,0.1235765486163807,0.5765056327874927,11.44579486442912,16.9356772477086,7.726847835860734,2
3,8,4,2.5758736,6.2721863,7.023533,0.04444041,-0.07147118,0.0019853106,0.32870555,0.11100958,0.55264217,12.468751,17.25,8.45625,1.8586249,5.9228344,7.295118,-0.056352276,0.11759147,0.00320704,0.31259513,0.12015027,0.56522065,10.25625,15.975,8.8125,1.4578272,5.8971114,7.366903,-0.0025961753,-0.04535671,-0.0,0.29854053,0.13355772,0.58368593,9.6,15.58125,8.0625,9
3,8,4,2.596098676752457,6.266539216879208,7.043682567149719,0.04444041,-0.07147118,0.0019853106,0.3254936220069074,0.0999729256623327,0.55434785960625,12.453852268964908,17.249016439655854,8.442284695766162,1.8622918848009815,5.929427361964168,7.287616148942442,-0.056352276,0.11759147,0.00320704,0.3196501937391962,0.1245814742131841,0.5562111914508354,10.260533915446072,15.967085807225043,8.805034749629177,1.4503160049867674,5.892496826878309,7.368066049775707,-0.0025961753,-0.04535671,-0.0,0.2966291274013127,0.1271130434438842,0.5914202690160094,9.603631594279976,15.588255974327426,8.053728311824614,9
3,8,4,2.580726783436059,6.279364016755326,7.0137875633419915,0.04444041,-0.07147118,0.0019853106,0.3308968813068197,0.1082635607024159,0.5534407537213767,12.45323649092211,17.223824150661862,8.448327803242828,1.8402950282309771,5.92561553655712,7.296462953734383,-0.056352276,0.11759147,0.00320704,0.3343954405518163,0.1273525439864112,0.5654336803757679,10.267306857339973,15.99039698768666,8.819529146017913,1.4484567823891144,5.886968947897831,7.385748004083501,-0.0025961753,-0.04535671,-0.0,0.293143636096575,0.1489897517183716,0.5935962212888445,9.615312895052712,15.575025942414692,8.066701447469802,9
3,8,4,2.5721001654280693,6.270887110124704,7.010445084298416,0.04444041,-0.07147118,0.0019853106,0.3187996294724893,0.1001717225713672,0.5716889156670799,12.484206107283187,17.233537747269754,8.448666800520563,1.8585082945063909,5.925102959385289,7.276533071158045,-0.056352276,0.11759147,0.00320704,0.3168889439645797,0.1130085225074475,0.5564523280892811,10.257376543422252,15.989432632147482,8.8138168901376,1.4599847897629556,5.899490222192152,7.368169923934434,-0.0025961753,-0.04535671,-0.0,0.2907087452039922,0.127319472383301,0.5767674735471752,9.6172730250013,15.585763382821751,8.048078539523306,9
3,8,4,2.565800468473208,6.2567200076624045,7.018220138079208,0.04444041,-0.07147118,0.0019853106,0.3333658179980002,0.1103152007797933,0.5623340200722017,12.492867243575333,17.2529793927244,8.44948981311768,1.864540398701886,5.944477921276301,7.296961746344466,-0.056352276,0.11759147,0.00320704,0.3175418703365738,0.1237795347617794,0.5739917297130449,10.263698875383657,15.975907618536771,8.797533277469638,1.4618385859765153,5.890822103323051,7.367094000460344,-0.0025961753,-0.04535671,-0.0,0.2954349369904143,0.1292647388364011,0.5810959845064169,9.588317196580036,15.57886727562689,8.038976898580174,9
3,8,4,2.578075313570077,6.26301686039527,7.030396162759759,0.04444041,-0.07147118,0.0019853106,0.3443720144476736,0.0994700590107611,0.5577512248494796,12.448461537961172,17.24682910881464,8.452379404365084,1.8371994071334112,5.914449139241611,7.28533994031808,-0.056352276,0.11759147,0.00320704,0.312308102687474,0.0995633142560621,0.5663329605811589,10.261671399592789,15.975414552183846,8.803929268855807,1.4698881303301494,5.8833917895870425,7.36154731820159,-0.0025961753,-0.04535671,-0.0,0.3037370677362837,0.1419593160699163,0.5938082247235027,9.611807348010789,15.589502789256372,8.061359758024535,9
5,9,7,2.0147567,6.1363935,6.643672,0.13500112,-0.28115052,0.0070249448,0.31157982,0.12428998,0.56385267,13.500001,17.400002,7.2937503,2.2839491,6.239285,6.806384,0.08384119,-0.03970621,0.03252855,0.32430765,0.11741103,0.5588915,12.95625,17.081251,7.0687504,1.4482559,6.1268225,7.007381,0.015424335,-0.014966187,0.0050396346,0.32218835,0.13749135,0.570878,12.31875,18.018751,2.68125,4
5,9,7,2.0277764050606923,6.1147952466658735,6.635142309875571,0.13500112,-0.28115052,0.0070249448,0.3190608895193172,0.1193742309204327,0.577021859369497,13.505426504281765,17.40615416406616,7.313909914191427,2.2802835286375216,6.231610826145488,6.7966450262472575,0.08384119,-0.03970621,0.03252855,0.3235156739955597,0.116048706846073,0.5698343642001538,12.948507930958536,17.087941477254883,7.059808652796852,1.4469931882133986,6.122358903958519,6.991050145626253,0.015424335,-0.014966187,0.0050396346,0.3262569107712376,0.1282079603255098,0.5657695112485197,12.313307766339738,18.026512740931786,2.7015706450280073,4
5,9,7,2.0131155461917043,6.137166114949486,6.632894209081062,0.13500112,-0.28115052,0.0070249448,0.3227664638643341,0.1189848202097823,0.554198728460605,13.490908843029407,17.397144837918635,7.304350727717357,2.2885731411328134,6.2460021225226585,6.797934855911228,0.08384119,-0.03970621,0.03252855,0.3123511041628514,0.1356207143935878,0.5634792831656154,12.952343511156426,17.072419720031792,7.068452673250117,1.4545353745146226,6.123478660264777,7.000942654181998,0.015424335,-0.014966187,0.0050396346,0.3146088379096178,0.1427777093176892,0.5783989236305552,12.314398208215426,18.02126216267448,2.6951070303256435,4
5,9,7,2.026869934216502,6.147718359061819,6.652512516360469,0.13500112,-0.28115052,0.0070249448,0.3346922459651895,0.1352321475454523,0.564210197315997,13.517913570029828,17.407052715779287,7.305559616418717,2.2700250491025233,6.2472120500991295,6.7852257841057675,0.08384119,-0.03970621,0.03252855,0.3287380708843552,0.123359388101603,0.5651361925233559,12.951996161555034,17.087982949986706,7.070293529911043,1.4457273547827951,6.122392438832283,7.0192495543124,0.015424335,-0.014966187,0.0050396346,0.3264682159835336,0.1314165491203862,0.5734549279559932,12.320754872886846,18.013115332203338,2.659504051402103,4
5,9,7,2.014051921555484,6.1395472827770865,6.658898205407432,0.13500112,-0.28115052,0.0070249448,0.309509879003354,0.131756618297953,0.5558953603426953,13.501042693463004,17.414181341341564,7.294012264495433,2.2813486855646468,6.215162709291178,6.794286420431109,0.08384119,-0.03970621,0.03252855,0.3406333070948469,0.1173056174229072,0.550824997745446,12.95901598081198,17.075886428110998,7.082094189693602,1.452645096959472,6.121229380655163,6.9916791319184375,0.015424335,-0.014966187,0.0050396346,0.3292934515037856,0.1339028773234288,0.555371578296948,12.32400199854271,18.033473922442855,2.7002637989383915,4
5,9,7,1.993498605777496,6.1360384646467825,6.631096512689271,0.13500112,-0.28115052,0.0070249448,0.3017672192581564,0.1290051856950949,0.5786592575767827,13.49816197408149,17.422883332552534,7.296239528448115,2.2941570246917444,6.246020671362528,6.797696742781241,0.08384119,-0.03970621,0.03252855,0.3236645478075967,0.1191412719701217,0.5549502165012239,12.959486784976477,17.09958129520794,7.074637213581098,1.4458131924809412,6.113539151030899,7.005056888371777,0.015424335,-0.014966187,0.0050396346,0.3208984655323366,0.1509688889373999,0.5606040628558682,12.314075045550425,18.0356084492727,2.6801689196124636,4
8,3,2,1.5571294,6.0430737,7.422536,0.056199558,-0.101708986,0.047189303,0.3037446,0.13049357,0.5490652,13.650001,17.4375,2.6437502,2.6739793,6.393622,6.8518476,0.020005822,-0.04046979,0.0067195124,0.3565853,0.10311296,0.5494745,10.03125,15.375001,3.05625,2.5040889,6.375676,6.8763742,-0.034361143,0.030695954,0.0019853106,0.35666946,0.10661708,0.55293924,6.3375,14.156251,3.0937502,1
8,3,2,1.5629358401864435,6.038604655690371,7.4252557735070015,0.056199558,-0.101708986,0.047189303,0.2948023848058029,0.1121200873286682,0.5235843456094542,13.639396252706536,17.43710924558337,2.644155019335556,2.6751762850529044,6.3860786765055275,6.843283901961691,0.020005822,-0.04046979,0.0067195124,0.3536298235847168,0.100070223706373,0.5504140703390454,10.035388703917372,15.381637584754513,3.042600511745443,2.512465499097843,6.373186052031261,6.8910674226545465,-0.034361143,0.030695954,0.0019853106,0.3585724019209806,0.0902596728879246,0.5567741975295686,6.34727134054617,14.16820058115185,3.09991398877292,1
8,3,2,1.5523223904195402,6.040162487226022,7.411176547554622,0.056199558,-0.101708986,0.047189303,0.304215152359392,0.1236644295666042,0.5477676453860515,13.63758397298479,17.448406062333568,2.6532960052177765,2.675615211308888,6.402705151822942,6.853729177239708,0.020005822,-0.04046979,0.0067195124,0.3543617347182122,0.0886493736651273,0.5508661296875172,10.04180947213905,15.36791284437831,3.043675422443631,2.516959235160822,6.379295656374911,6.874727139865456,-0.034361143,0.030695954,0.0019853106,0.3612983496380527,0.0883955905138613,0.5497349114828296,6.32853886644361,14.144485231738887,3.0817512043454114,1
8,3,2,1.564106456171522,6.047576227601387,7.413298228438408,0.056199558,-0.101708986,0.047189303,0.303775467465929,0.138800598837873,0.5444983718036753,13.660971590944678,17.42251261488708,2.643023380146082,2.679811067200818,6.401241525893813,6.858484642677791,0.020005822,-0.04046979,0.0067195124,0.3634752028048292,0.105390214486881,0.5590051257255362,10.008220994186193,15.38821891443934,3.0507472210026525,2.479186551458976,6.370720301600533,6.887276087537261,-0.034361143,0.030695954,0.0019853106,0.3425515595114044,0.1091408273930099,0.5532826277010752,6.342377123979518,14.156821832286234,3.0824493052424513,1
8,3,2,1.5608141716407322,6.046649363748364,7.44201146862181,0.056199558,-0.101708986,0.047189303,0.3106813850758342,0.1120939708114998,0.5491962024890193,13.64480030067591,17.435716643172903,2.637090415132882,2.6565199457243693,6.398892568544953,6.853573501103459,0.020005822,-0.04046979,0.0067195124,0.3691683877728824,0.1117280687398029,0.5433691015457612,10.016366596513189,15.352499574795957,3.053260566267733,2.516049755361427,6.375844106339407,6.872812459384364,-0.034361143,0.030695954,0.0019853106,0.3531194998241214,0.1146987061285868,0.5495186716394764,6.340303384841353,14.139354229717576,3.0953995430190018,1
8,3,2,1.5529005404371046,6.043816415932477,7.42253667588921,0.056199558,-0.101708986,0.047189303,0.3001021654277476,0.1352333813458875,0.5505854248518015,13.641611303296743,17.427464440602602,2.6673858530686863,2.7000254379201913,6.378879212774363,6.839545684052654,0.020005822,-0.04046979,0.0067195124,0.3600488792165852,0.0882302734776848,0.5423002476200862,10.021859923518988,15.372109927078272,3.0561038537781204,2.4997931454307487,6.385056379926458,6.879889470085045,-0.034361143,0.030695954,0.0019853106,0.3592860669284621,0.0971421862629667,0.5628181091297825,6.342065337528452,14.146050201365655,3.082601376217245,1
0,4,5,1.4763715,5.7816577,7.5726852,0.04657844,0.0030543238,0.025198173,0.32161754,0.11968343,0.5706447,9.7875,17.0625,1.3312501,1.6253247,5.9324055,7.436893,0.012217295,-0.008552107,0.0025961753,0.31614047,0.123588845,0.56623006,9.450001,16.6875,0.71250004,1.6755741,5.983253,7.429714,0.052839804,-0.10674862,0.009315688,0.31642506,0.12344756,0.56543875,9.6,16.66875,0.75,6
0,4,5,1.4716548890925738,5.783820785927585,7.578713677847944,0.04657844,0.0030543238,0.025198173,0.3271022506021371,0.1053997287603919,0.5794203448160608,9.782951782439,17.06868453633414,1.3264834870240834,1.62452053144787,5.924616309367648,7.444724948789842,0.012217295,-0.008552107,0.0025961753,0.3108541506040658,0.1223996303336878,0.5637149483418005,9.477326657045811,16.687111167194885,0.7079958519319579,1.6866136344881837,5.989854057223883,7.43500579400349,0.052839804,-0.10674862,0.009315688,0.3227885929842924,0.1058211552050443,0.5599344240012478,9.610969799641897,16.675442342962633,0.731581881644713,6
0,4,5,1.4635975545050883,5.788924902713485,7.568126759599948,0.04657844,0.0030543238,0.025198173,0.3336418646101883,0.1176743669694694,0.5758298759119101,9.797296546154278,17.063962663314122,1.312717726966877,1.6095200002748322,5.931778628368351,7.434257946733593,0.012217295,-0.008552107,0.0025961753,0.3183561227833786,0.1179209198593929,0.5543762224106694,9.453566614400389,16.699575261852207,0.7089322586258179,1.6717919960090677,5.9782031364498245,7.430121576006408,0.052839804,-0.10674862,0.009315688,0.3156879021296224,0.1114383119250184,0.5793472771309017,9.595331308089522,16.671879720178403,0.7463920280086279,6
0,4,5,1.469810009857383,5.771433296582867,7.5749766319881315,0.04657844,0.0030543238,0.025198173,0.3080679247552777,0.109737245644117,0.5829291155390544,9.776456372666823,17.069158576314877,1.3352796844859172,1.6111119747619316,5.931427099101035,7.454774121383045,0.012217295,-0.008552107,0.0025961753,0.3213515153582668,0.133594324668777,0.564779938564447,9.451047021012318,16.674806151389863,0.7367472155552478,1.6898645909679566,5.991467268700618,7.42964311123253,0.052839804,-0.10674862,0.009315688,0.3112096323297587,0.1219720595765182,0.55240263586788,9.601832955727366,16.67190285457764,0.7422847981809829,6
0,4,5,1.466696183650667,5.777883614545719,7.580068162988144,0.04657844,0.0030543238,0.025198173,0.3394748288724873,0.1106768985043804,0.5785900958477658,9.805385970885364,17.045484871858484,1.3304916504750186,1.6190861387302045,5.92223084312516,7.428714720543407,0.012217295,-0.008552107,0.0025961753,0.3176858207107529,0.1086222749608198,0.5793132246982388,9.439047703961238,16.67590463905182,0.7243525023399575,1.6621490715008187,5.970232040676638,7.420799074989555,0.052839804,-0.10674862,0.009315688,0.3181473646889241,0.1303170284702356,0.5774869267116813,9.609397328996412,16.661654128310225,0.7531105748305522,6
0,4,5,1.4942155611511465,5.762853121750373,7.578127022639864,0.04657844,0.0030543238,0.025198173,0.3309320889312807,0.097164216212469,0.5697834741557406,9.797269790525098,17.043224922849614,1.3267632639550695,1.6335192486626005,5.918746499665935,7.44698478157955,0.012217295,-0.008552107,0.0025961753,0.324184712350301,0.1313229754908773,0.5688330681329238,9.434541182917808,16.687471334386526,0.7075090558850028,1.6748413272238691,5.984144281520436,7.433958563277617,0.052839804,-0.10674862,0.009315688,0.3243026422630392,0.1469317277575978,0.5442885472327835,9.618504481408923,16.67775306955193,0.7465772816124163,6
2,1,9,2.3108685,6.419345,7.109076,0.28313583,-0.4375319,0.19196425,0.30665055,0.13739179,0.55045617,14.56875,18.28125,2.9625,2.094318,6.3738813,6.852446,-0.012217295,0.03940078,-0.004734202,0.33136454,0.12275996,0.5435806,12.69375,17.025002,3.2812502,1.9950159,6.270392,7.1425757,0.046731155,-0.10399973,0.0377209,0.33394334,0.120526075,0.5501135,8.1,14.625001,3.5062501,7
2,1,9,2.3065977291576796,6.421667763865029,7.112613929762167,0.28313583,-0.4375319,0.19196425,0.3016010504092289,0.1321254752430096,0.5633939816105109,14.587164419602626,18.272536057324153,2.958573098074621,2.0781340230129093,6.352823484485713,6.8591041475460806,-0.012217295,0.03940078,-0.004734202,0.3415083405882024,0.1124631899278172,0.5426637602331217,12.703167538575675,17.016406130384386,3.3044682200085633,1.9937997367489988,6.264706457708793,7.145093378857822,0.046731155,-0.10399973,0.0377209,0.3366659504229453,0.1349650923887362,0.5498669048896137,8.093422095115386,14.63941339823129,3.512355125749908,7
2,1,9,2.3062518710407924,6.423174039871933,7.108769606088095,0.28313583,-0.4375319,0.19196425,0.3201198110341409,0.138844177585785,0.5637191141542404,14.565084437775782,18.28106032514049,2.959945013479498,2.0785733929303767,6.357447469707138,6.847018660277329,-0.012217295,0.03940078,-0.004734202,0.3424849761005651,0.1262697679921483,0.5533461928344481,12.68501045669896,17.028319838697385,3.2593291403661246,1.9948347646422817,6.281067368835871,7.141403411312976,0.046731155,-0.10399973,0.0377209,0.3245507301596189,0.1235819309142852,0.5472002860025988,8.095929493519863,14.647554424039942,3.516495050171195,7
2,1,9,2.321983124352164,6.414955199357625,7.101086839436196,0.28313583,-0.4375319,0.19196425,0.3024831446711205,0.1459348633409574,0.5499909539534724,14.546838430072787,18.278852587170643,2.960937846919407,2.0958371508517537,6.36545159424237,6.848257378668076,-0.012217295,0.03940078,-0.004734202,0.3320945142870121,0.1203251921052874,0.5415477142559775,12.696001922810492,17.025333968141787,3.2781115833649626,1.992188284011862,6.262921851427492,7.130850803392247,0.046731155,-0.10399973,0.0377209,0.3345275682686354,0.1217612100252323,0.5425418675435911,8.097781005681485,14.622080459430252,3.4923467326689472,7
2,1,9,2.299595836036314,6.42032928084919,7.096854497608738,0.28313583,-0.4375319,0.19196425,0.3014819439898323,0.1519166654122267,0.5490141915624525,14.54879191856291,18.276237210363657,2.9346100479821624,2.093673774769822,6.366869669955619,6.849613697063738,-0.012217295,0.03940078,-0.004734202,0.3330209893651319,0.1205629523024443,0.5483901050149067,12.68429318737006,17.026791783758124,3.2806782667128154,2.006403854320763,6.2773516275407735,7.149983188517844,0.046731155,-0.10399973,0.0377209,0.3341455726515992,0.1124260471251086,0.5483861087702215,8.103321650636332,14.602708583596092,3.5029001063995757,7
2,1,9,2.3310042637558004,6.425096296123906,7.1074047517288585,0.28313583,-0.4375319,0.19196425,0.3195222665194994,0.1276673357177016,0.5616919357256894,14.568646604653695,18.275337749000304,2.964826677825746,2.08864669659404,6.360590831594737,6.845026365251504,-0.012217295,0.03940078,-0.004734202,0.321996641756081,0.1385058034273538,0.5468585651609323,12.70106929285986,17.02075606671197,3.295927040834582,1.9865843213892,6.2746433421333725,7.144710244219417,0.046731155,-0.10399973,0.0377209,0.331585391064373,0.1166498569272043,0.5568858384998787,8.092684231866887,14.605595025752145,3.5016628156605076,7
6,8,0,1.9615164,6.172286,7.186843,0.082161315,-0.030695954,0.022601997,0.33413422,0.11814086,0.5490615,9.58125,16.1625,2.6437502,1.9686948,6.2638116,7.115058,-0.014355322,0.12079851,-0.02443459,0.33573818,0.11985778,0.5559898,9.1875,15.8625,2.7375002,1.5601203,6.2668023,7.2622166,0.021074835,-0.0036651888,0.011606431,0.32927507,0.13735059,0.56054735,10.6875,16.125,2.60625,3
6,8,0,1.935984451435319,6.194679677336432,7.16376104050811,0.082161315,-0.030695954,0.022601997,0.3364849560764936,0.1208598301805509,0.5378663059506071,9.589259811681508,16.183708452872487,2.635021891333293,1.967949028049126,6.269816870032572,7.109151596876162,-0.014355322,0.12079851,-0.02443459,0.3428245812682584,0.1214944320688144,0.5542015577237901,9.180927561684356,15.876617064756289,2.746737117094656,1.561460030953155,6.271026979742971,7.284092397409683,0.021074835,-0.0036651888,0.011606431,0.3294849896113188,0.1480761345517867,0.5401270879071566,10.682956989952054,16.126185710981677,2.5801934697599544,3
6,8,0,1.955038081815828,6.160943706627598,7.174916471932887,0.082161315,-0.030695954,0.022601997,0.3278651927144782,0.122865694090163,0.5263428747554715,9.57835399118295,16.149459538643505,2.6567376165718097,1.9684205581030685,6.280396344094334,7.113638686389061,-0.014355322,0.12079851,-0.02443459,0.3384645001217218,0.1107167291499552,0.5716310999709983,9.198246427043776,15.869228527471517,2.738570103066433,1.553081719865092,6.271380360801827,7.250360414690224,0.021074835,-0.0036651888,0.011606431,0.3154025807609648,0.1127807724955173,0.562086064974387,10.694985031798868,16.115140013777264,2.5966201214000857,3
6,8,0,1.9429143647579872,6.165606786482895,7.185861056268151,0.082161315,-0.030695954,0.022601997,0.3322957972937563,0.1321419607762777,0.539439150960609,9.587921335321942,16.161686147925735,2.654474391773141,1.9656339477088476,6.263754778461356,7.099459633223845,-0.014355322,0.12079851,-0.02443459,0.3150085501010508,0.1240094032634995,0.5604182623579025,9.204873857384564,15.87899190565986,2.738689762227612,1.548544259467851,6.276061230320744,7.258725751762138,0.021074835,-0.0036651888,0.011606431,0.3367716922321944,0.1405636900654925,0.5592882310852284,10.70200323926366,16.12539509779784,2.598655397470409,3
6,8,0,1.956031767132457,6.17487958986725,7.1863825789536095,0.082161315,-0.030695954,0.022601997,0.3352884499862545,0.1002225411255077,0.5560324922659668,9.554562704672428,16.155748358243784,2.6578678119465273,1.9600284093833804,6.270694974862179,7.112525463242471,-0.014355322,0.12079851,-0.02443459,0.3294630915419951,0.114596507951189,0.5647663334924651,9.184213644805794,15.872201427710976,2.7301553304654247,1.5547515605253737,6.271092936999779,7.249481966448921,0.021074835,-0.0036651888,0.011606431,0.3325506955983294,0.1547471625337136,0.559347337072246,10.683333591223525,16.106351586542843,2.5929676555349004,3
6,8,0,1.968449397647508,6.183369194214196,7.184834722174566,0.082161315,-0.030695954,0.022601997,0.3297951305485302,0.1271984593990565,0.5344191187601105,9.580190660799106,16.162799870097516,2.656218471499278,1.9802862646011703,6.259845097324976,7.112456763266422,-0.014355322,0.12079851,-0.02443459,0.3319894259919478,0.1061682727106051,0.5625836948782038,9.19029876771866,15.885874688565004,2.7374132231376027,1.5529234363595443,6.266255295829656,7.2621351393096845,0.021074835,-0.0036651888,0.011606431,0.3118222426212546,0.1359916231121847,0.5567510690110181,10.693500812392418,16.126399589221922,2.6215718327679283,3
1,5,0,1.8335004,6.1495543,7.211369,0.06108648,-0.061544627,0.021380268,0.3130071,0.13139477,0.56275445,11.981251,17.775002,1.1812501,1.8203398,6.1471615,7.2526455,0.0033597562,0.016951498,-0.020311253,0.32177916,0.1269504,0.5627422,11.175,17.1375,1.44375,1.6307086,6.096912,7.3776703,-0.02535089,0.04535671,-0.015424335,0.32405332,0.12687223,0.5622248,10.837501,16.9125,1.5937501,9
1,5,0,1.8186456717694537,6.147602552756873,7.216038682797885,0.06108648,-0.061544627,0.021380268,0.3207227163224317,0.1237052467020226,0.5614248462323492,11.970789354694595,17.767475725611018,1.1829784648704254,1.801621266441907,6.138444785148609,7.240749164814282,0.0033597562,0.016951498,-0.020311253,0.3320858537497885,0.1280575068262762,0.5659043043684333,11.188648540122552,17.13080638007745,1.44900886224827,1.6344946515978125,6.102967349289879,7.380509116924755,-0.02535089,0.04535671,-0.015424335,0.3260539624153634,0.1198707197126803,0.5615386374037702,10.822891304338048,16.92198531838818,1.5917091694073675,9
1,5,0,1.8285350528914877,6.1568334648759455,7.185390114022364,0.06108648,-0.061544627,0.021380268,0.2969730312616263,0.1468906496673392,0.5683507181220626,11.97895163353483,17.783204939619395,1.1817794958353691,1.82966583643618,6.155477417869375,7.259678754928676,0.0033597562,0.016951498,-0.020311253,0.325785795039928,0.1566151175690939,0.56816272412981,11.182907519223772,17.130102043480957,1.437866178081345,1.6254727354103056,6.083250535079701,7.39071705578006,-0.02535089,0.04535671,-0.015424335,0.3335999524890279,0.1311073884257105,0.5507818107494998,10.841794676323383,16.922063395990318,1.6101058950209477,9
1,5,0,1.843671696087306,6.143407211975228,7.204448642970778,0.06108648,-0.061544627,0.021380268,0.3250443547269399,0.1302571985888592,0.5540870692165671,11.988141275917222,17.76860383308216,1.1798439178630995,1.842312668585699,6.1404116999562905,7.252766909825493,0.0033597562,0.016951498,-0.020311253,0.3188079840580602,0.1268772104474401,0.5611534580599266,11.163180270889464,17.135733062310738,1.43480950737698,1.6297570710356868,6.111910316912677,7.381508698375224,-0.02535089,0.04535671,-0.015424335,0.3327724532875454,0.1118607336301403,0.5638631330674322,10.843894235669277,16.914381231367813,1.6229652874742118,9
1,5,0,1.8441445413939856,6.164755727855198,7.211773629719631,0.06108648,-0.061544627,0.021380268,0.3147676955004108,0.1453679271543552,0.5606297919777431,11.97063152800012,17.759299052435704,1.1685631098017368,1.836172728591073,6.137049576979288,7.26839758358293,0.0033597562,0.016951498,-0.020311253,0.3114806107660131,0.1257830391389282,0.5718933454935876,11.161866365099243,17.124629476670076,1.4463098848243658,1.638869318424575,6.106848976483324,7.379146905346021,-0.02535089,0.04535671,-0.015424335,0.3161563680099372,0.1320068150445711,0.5701821221294422,10.832941586855794,16.906666713986578,1.5824306655626346,9
1,5,0,1.8334943421379453,6.167590547072753,7.225074468351076,0.06108648,-0.061544627,0.021380268,0.3287934615528162,0.1335535683860154,0.5577715014762601,11.98700822646064,17.77115802904363,1.1665808143174137,1.833607238234352,6.156590906824201,7.241996181482229,0.0033597562,0.016951498,-0.020311253,0.3324864412916083,0.1219061008084108,0.571545291081028,11.172493600570904,17.12460691037612,1.4261060368659138,1.633791660586872,6.072976676931879,7.397267141734053,-0.02535089,0.04535671,-0.015424335,0.3177014660491334,0.1376274007302395,0.564848889106428,10.843218338758502,16.91958224388046,1.5909609688663804,9
6,4,7,1.9686948,6.288936,7.094719,0.10399973,-0.20967934,0.05253437,0.3229664,0.13193084,0.5505579,14.868751,18.5625,2.7562501,2.2863421,6.424729,6.983453,-0.10461059,0.2603811,-0.018173227,0.33634102,0.12236198,0.5449565,13.9125,18.13125,2.86875,1.5643078,6.276374,7.2975106,-0.00320704,0.010690134,0.007177661,0.32304707,0.13793007,0.5567746,10.762501,16.40625,3.1875002,2
6,4,7,1.9659961530146888,6.313079388215491,7.099108754724905,0.10399973,-0.20967934,0.05253437,0.3144485405569783,0.1387934024091416,0.5512030601160165,14.86798234150595,18.56690344990963,2.765692428574608,2.2918693281563853,6.431469252276213,6.987794337005989,-0.10461059,0.2603811,-0.018173227,0.3602442678240408,0.1179173546909127,0.5416740682994085,13.91439847524893,18.12248476963496,2.871022032509725,1.549721416596043,6.276615404433036,7.292289634367612,-0.00320704,0.010690134,0.007177661,0.3019768663480653,0.1282059367628436,0.5574390326392913,10.777050001140292,16.39932450946556,3.180196810920574,2
6,4,7,1.9687795786470723,6.268082504801863,7.11360888458545,0.10399973,-0.20967934,0.05253437,0.3393754707664702,0.1540801295834337,0.5405875619712387,14.864234811666408,18.55088655805832,2.7656351200681804,2.2878322321498477,6.4290480894863915,6.979645049949199,-0.10461059,0.2603811,-0.018173227,0.3315544244500692,0.137198154091793,0.5433646585488326,13.900988487885028,18.123249891388856,2.870127450546263,1.555833984081549,6.277515167711989,7.289993017395542,-0.00320704,0.010690134,0.007177661,0.3304897869308525,0.1405872381741857,0.5688193461728844,10.746296615589126,16.40783404873356,3.182509011364706,2
6,4,7,1.9575690655989848,6.285294373448553,7.09097650232533,0.10399973,-0.20967934,0.05253437,0.3199460565966306,0.1303025342342999,0.563981097475213,14.868877275154052,18.557061422384667,2.7453698725440763,2.285127979982729,6.432173572526163,6.9818124349521105,-0.10461059,0.2603811,-0.018173227,0.3387668432558304,0.1184900387287088,0.5457513401453444,13.905631597519845,18.12238316156501,2.8782223977567725,1.5599120926268788,6.2728968078074825,7.320274405040849,-0.00320704,0.010690134,0.007177661,0.3055706586651436,0.1463137959065445,0.5535796606710834,10.74172769237115,16.40898205257315,3.179015839439972,2
6,4,7,1.9805104422434865,6.287641219197134,7.105112974045114,0.10399973,-0.20967934,0.05253437,0.3158826295289781,0.1465788182815771,0.5532852020312912,14.86166229727096,18.557882800470928,2.7575045938907143,2.2716117309095,6.40764140448612,6.971036090043541,-0.10461059,0.2603811,-0.018173227,0.3393488034088026,0.1241102484716568,0.5407043267783052,13.934052154708452,18.125256089746493,2.8706122808563985,1.54710271709239,6.275545354603441,7.287785132211936,-0.00320704,0.010690134,0.007177661,0.3164779685367752,0.1497957984319556,0.5680625357393849,10.768583993549091,16.41288542690943,3.192329026476158,2
6,4,7,1.9689744818871264,6.2839383847895585,7.09165599901257,0.10399973,-0.20967934,0.05253437,0.338656923837529,0.1361177973427006,0.560947944781219,14.869953307927943,18.556063448830244,2.760376414384872,2.2850163129081325,6.423157020594152,6.98675099408965,-0.10461059,0.2603811,-0.018173227,0.3208268798888104,0.1276756510414983,0.5411139898458721,13.905201087765189,18.12649147728519,2.8771398139709747,1.560409142665518,6.26502253684421,7.301887064228629,-0.00320704,0.010690134,0.007177661,0.3307695723003779,0.1405009436213132,0.5500605780334691,10.761474693954238,16.400983937955004,3.18054870539975,2
3,0,4,1.9070797,6.166304,7.2287173,0.1989892,-0.35353798,0.11270455,0.32146475,0.12343995,0.551584,13.33125,18.73125,2.2875001,1.6516458,6.0580287,7.195816,-0.19837834,0.36193737,-0.088269964,0.33810845,0.11172608,0.54442054,11.56875,17.775002,2.71875,1.46022,5.9844494,7.396215,-0.031154104,-0.0010690134,0.028099779,0.29966846,0.1354399,0.55634874,10.51875,17.23125,3.1125002,8
3,0,4,1.8928424379369144,6.176767468349358,7.232078397125163,0.1989892,-0.35353798,0.11270455,0.3368786315144754,0.144152956529129,0.5483107899843164,13.314381156637348,18.73347642810874,2.2889771587076324,1.667881191761856,6.053635489185603,7.18711811338282,-0.19837834,0.36193737,-0.088269964,0.3314379619699678,0.1045241485759468,0.5433045572357297,11.57583344244524,17.77923100903801,2.732212826585075,1.4595469231308345,5.995824250230766,7.376885790386492,-0.031154104,-0.0010690134,0.028099779,0.2988883207914196,0.1364802212279179,0.5803924377641628,10.514090100963555,17.250774568911062,3.1172217935386826,8
3,0,4,1.9209051276182103,6.166619528772232,7.2149635427643855,0.1989892,-0.35353798,0.11270455,0.3151832652363462,0.1320439637647031,0.5445044897151087,13.321745352396292,18.73407585368819,2.2901065292410223,1.6380916387765887,6.055284758323436,7.197979320708705,-0.19837834,0.36193737,-0.088269964,0.3384741613696585,0.0946121297160646,0.5360493166263266,11.547993590430789,17.773344944481398,2.7027103222184525,1.4550824726321034,5.993708112948612,7.367069442611032,-0.031154104,-0.0010690134,0.028099779,0.3047806804730183,0.1291291995019902,0.5430430013757134,10.513433181759394,17.220406803409563,3.11170277334039,8
3,0,4,1.9015781387296704,6.162980334169155,7.233792089568992,0.1989892,-0.35353798,0.11270455,0.3205970843940456,0.1188189613101741,0.5607721956464637,13.328697088452625,18.727851199558472,2.2764397911462573,1.6295957174968676,6.072411003464112,7.191420909014312,-0.19837834,0.36193737,-0.088269964,0.3355407955974371,0.1135691755048235,0.5342133091578072,11.55730895907231,17.769846523071806,2.7103417658837063,1.470229567875533,5.984125317146159,7.3861539286871585,-0.031154104,-0.0010690134,0.028099779,0.2935419002189369,0.1463139479409243,0.5652887253280899,10.514323222054491,17.243336862170036,3.12112373705911,8
3,0,4,1.9099750708299472,6.17250097162835,7.220453644465585,0.1989892,-0.35353798,0.11270455,0.3030448308740747,0.1043260983319691,0.5576759955903237,13.330656515475583,18.725912441783723,2.272511003668427,1.64480207361606,6.054895284006541,7.194616174395852,-0.19837834,0.36193737,-0.088269964,0.336630537481223,0.1138880411342155,0.5370682203979222,11.57050703011686,17.778130723011213,2.714592425635044,1.4629843116152874,5.980947830545319,7.382455183608982,-0.031154104,-0.0010690134,0.028099779,0.3061645512988127,0.1341639964739332,0.5521676465152947,10.526871489211905,17.23602075750558,3.1226751873072844,8
3,0,4,1.9003992629215072,6.178394643384418,7.236824957862055,0.1989892,-0.35353798,0.11270455,0.3336350996691946,0.1327632398815641,0.5422985122393804,13.323736664600618,18.718042143593937,2.290965639323408,1.6631945197144231,6.051012231009769,7.178851873438104,-0.19837834,0.36193737,-0.088269964,0.3305853698704979,0.0893633527469451,0.5512988396159423,11.566417560613488,17.784253281867873,2.7103898027997113,1.4527465837892808,6.0133847316505875,7.392729792698085,-0.031154104,-0.0010690134,0.028099779,0.2942852509662504,0.1473990645428008,0.5403086604364185,10.514073892233244,17.23286674384712,3.1270804929935596,8
9,7,2,1.8107685,6.153742,7.1898336,0.054366965,-0.06551525,0.042302385,0.320749,0.1262292,0.5540508,12.150001,17.8875,2.3812501,1.4817554,6.0622163,7.5086775,-0.016187917,0.012370012,0.0013744457,0.31617764,0.13746949,0.5651997,11.400001,16.78125,2.79375,1.9136599,6.206982,7.2562346,0.0377209,-0.11194097,0.059712034,0.31575152,0.13750832,0.5652548,12.056251,16.987501,2.7375002,0
9,7,2,1.8188754304282595,6.140273438743241,7.194123828586735,0.054366965,-0.06551525,0.042302385,0.3106455535701122,0.1329578930054506,0.5510056185205838,12.14804874529355,17.87340141633619,2.3785449080740912,1.4641775472867986,6.065552953905969,7.493077069348503,-0.016187917,0.012370012,0.0013744457,0.3113218850338848,0.1415419424138988,0.5597249010847825,11.387804631301558,16.79484442232231,2.7868816731734256,1.907709870171176,6.20852965141663,7.271264991325435,0.0377209,-0.11194097,0.059712034,0.3091325269170338,0.1425619449487389,0.5614890502302708,12.086874127290445,17.013390708006984,2.745184077092484,0
9,7,2,1.8100122236889864,6.166181782362467,7.186113272845917,0.054366965,-0.06551525,0.042302385,0.3311258893787744,0.1223494687412493,0.5623336232289744,12.154117879180312,17.882921480140944,2.404781735294812,1.482272056446909,6.071328552553767,7.522340951900481,-0.016187917,0.012370012,0.0013744457,0.3084316986582636,0.1327503528192822,0.5738422913830538,11.381142829526707,16.79777092141071,2.7952469005539204,1.9268115081618704,6.193612388248457,7.257066781402173,0.0377209,-0.11194097,0.059712034,0.2944910834785179,0.1459210651765264,0.5721674618648896,12.069448359768304,16.981047552237573,2.7480375376074115,0
9,7,2,1.7917371910501882,6.154090499871645,7.2056850459084485,0.054366965,-0.06551525,0.042302385,0.3120421405220501,0.123749588128916,0.5599048155821994,12.14072425452856,17.887582838102645,2.3851626150977343,1.4768549659120105,6.057934301845536,7.505841906751769,-0.016187917,0.012370012,0.0013744457,0.3269958365503648,0.1378935053099036,0.5644702260377326,11.392131286512951,16.781019811836945,2.77564829708154,1.9262225073981465,6.201368860365998,7.259863967982511,0.0377209,-0.11194097,0.059712034,0.3115387922345799,0.1500787857531068,0.5694444707789941,12.060259478501584,17.003854098115255,2.726377865088226,0
9,7,2,1.834562233084816,6.1450099240712905,7.184929188043497,0.054366965,-0.06551525,0.042302385,0.3346484347183002,0.1399882322231425,0.5527584645241497,12.1276409823856,17.89102695017446,2.3916907059269703,1.4815351261541505,6.066865014620634,7.505075146399116,-0.016187917,0.012370012,0.0013744457,0.3061077641063168,0.1556294461672464,0.5805167303094846,11.39983670982152,16.788958515956327,2.7743609978345067,1.9253896805529096,6.199838956669349,7.24252333404356,0.0377209,-0.11194097,0.059712034,0.3196165062038738,0.1344045765048248,0.5694626898583959,12.062802652063704,16.98974689564228,2.7300400658279425,0
9,7,2,1.8075844658310285,6.156097615536143,7.199510824079598,0.054366965,-0.06551525,0.042302385,0.3152880230442099,0.1076942296044412,0.5366298206673243,12.161172393626815,17.873993904495773,2.3872594509988305,1.4690428586086253,6.079217603158368,7.508818362932735,-0.016187917,0.012370012,0.0013744457,0.2917131962016368,0.1474028045835365,0.572101945919128,11.40891271512016,16.784744832716086,2.802349051503112,1.9070142740796747,6.209192055715071,7.255678320359859,0.0377209,-0.11194097,0.059712034,0.3286329263510727,0.1533324753059079,0.5628785848733061,12.046774963623005,16.99221922483003,2.762251618195096,0
5,3,1,1.7820547,6.172884,7.353742,0.14691298,-0.22647811,0.07269291,0.31331798,0.12725288,0.55143213,13.575001,18.581251,2.1750002,2.4580271,6.4271216,6.884749,0.117438756,-0.18509203,0.052381653,0.3239862,0.12138951,0.5446832,12.525001,18.0375,2.53125,2.1720848,6.4492555,6.8482585,0.014966187,-0.0074830935,-0.015424335,0.32933939,0.12280181,0.5482552,11.625,17.625,2.71875,6
5,3,1,1.7710661168837618,6.1733837559570865,7.330791884250934,0.14691298,-0.22647811,0.07269291,0.3185044543589482,0.124986260540211,0.5527685268178518,13.560692028277538,18.578979629600887,2.1705714998790975,2.4492368586757136,6.428630945823095,6.8970380870257415,0.117438756,-0.18509203,0.052381653,0.3251380546546917,0.1296982980820465,0.5378013213642374,12.53610092329414,18.044160842284416,2.532792039181744,2.158728579122383,6.46004658829096,6.848431557006338,0.014966187,-0.0074830935,-0.015424335,0.358375792636566,0.1334668223692563,0.538961182164272,11.619968380555362,17.629558396439897,2.70689182802419,6
5,3,1,1.7930032317774,6.196815578276939,7.357364709149745,0.14691298,-0.22647811,0.07269291,0.3180725982844181,0.1293488052752002,0.5487950378949995,13.559569177448328,18.581973139312623,2.177562957509376,2.46118124662925,6.429568029241221,6.889211716050042,0.117438756,-0.18509203,0.052381653,0.3309810846668302,0.1119471565952155,0.5595657545852097,12.528981185746252,18.02057646683308,2.5508498787535543,2.1839611921711697,6.4322606377533615,6.842865503521422,0.014966187,-0.0074830935,-0.015424335,0.3358969102810785,0.1238178243225618,0.5440322529502719,11.62755832881027,17.629636611887534,2.7131116599260667,6
5,3,1,1.7816450799808756,6.171869772211676,7.3581765205563086,0.14691298,-0.22647811,0.07269291,0.3249184628640387,0.1294508258900454,0.5421650948619452,13.576204957138431,18.580306048517645,2.1754091637334576,2.44610446271871,6.426927763123976,6.8943077669887565,0.117438756,-0.18509203,0.052381653,0.3206489210568411,0.1219539201064268,0.5554940689107617,12.522140234922183,18.016759547919577,2.5275944762254228,2.1786618737347228,6.453519132970281,6.845354166794839,0.014966187,-0.0074830935,-0.015424335,0.3316660795480793,0.1291805561629947,0.5585043321608486,11.615816674424025,17.634250743600546,2.7145261582294795,6
5,3,1,1.780788188796986,6.181464010860688,7.369803675715394,0.14691298,-0.22647811,0.07269291,0.3083908562633962,0.1244374735446269,0.5381522002574747,13.583907298467922,18.597018798466017,2.156256164860346,2.4638120996312987,6.427463101908639,6.8857186986222,0.117438756,-0.18509203,0.052381653,0.3115338325812167,0.1386505033921241,0.5391836512780228,12.53192881937898,18.04918152524061,2.523352110733356,2.182244478632954,6.456064470884845,6.834233632488235,0.014966187,-0.0074830935,-0.015424335,0.3350474608305256,0.14469503195392,0.5510946256380761,11.629381702483704,17.60822456234442,2.71984167717502,6
5,3,1,1.7829081161655886,6.16308488759355,7.356900250901099,0.14691298,-0.22647811,0.07269291,0.2927611350505734,0.105527267914982,0.5484810824260004,13.59469132913742,18.558704729362297,2.1762293013487897,2.4435773904914506,6.4213818993791385,6.888327097322755,0.117438756,-0.18509203,0.052381653,0.3218441043784286,0.134650210319532,0.5392026120187313,12.526470985162211,18.043586697733023,2.5334433486518995,2.173081483618539,6.456429969104254,6.844227398093157,0.014966187,-0.0074830935,-0.015424335,0.3303270437146638,0.1265203736479003,0.5642884511664381,11.630256049923124,17.630154787635977,2.702459968573653,6
8,6,0,1.2933207,5.992226,7.4309106,0.09010255,-0.13622284,0.027488915,0.33936244,0.12947582,0.56298155,10.125,17.1375,2.9250002,1.7587247,6.192625,7.1246295,0.08124501,-0.17730351,0.10231985,0.37326154,0.10947547,0.55831635,10.6125,17.475,3.1125002,1.6331015,6.3272214,7.1455665,0.020616686,0.007177661,-0.0067195124,0.34292743,0.13079043,0.55774397,10.40625,16.743752,3.4687502,2
8,6,0,1.293504704031517,5.996366040159539,7.443223361753159,0.09010255,-0.13622284,0.027488915,0.346298915757141,0.1403074353545245,0.550397350899395,10.103192537512536,17.12699297281444,2.9198214958781468,1.7378536220438263,6.168302076076764,7.1272777866757915,0.08124501,-0.17730351,0.10231985,0.3941523128496534,0.1021212649666289,0.5628223360818021,10.628897258468273,17.473793141316644,3.093941098375074,1.6281212020788212,6.3294383693834675,7.16338552765795,0.020616686,0.007177661,-0.0067195124,0.3235189541931938,0.1218511656360235,0.5677267204704514,10.426455918387404,16.738629410862842,3.4758670304054053,2
8,6,0,1.2994644899016108,6.004992200334595,7.417753169962129,0.09010255,-0.13622284,0.027488915,0.3510388598394029,0.1164762081308253,0.5754503049195612,10.123713614341476,17.134773010881318,2.9238472467211776,1.761947771657269,6.204800963463391,7.111395819260492,0.08124501,-0.17730351,0.10231985,0.3753472542347033,0.1094260372996393,0.5664549567783893,10.60325667173938,17.467243624768777,3.107924859366568,1.625433267286507,6.338917501039133,7.144850140597357,0.020616686,0.007177661,-0.0067195124,0.3394911681541956,0.1397382620849762,0.5636138539365434,10.401658679814812,16.75522976346113,3.4706198835187907,2
8,6,0,1.284266242834006,5.988258302688665,7.432309168140341,0.09010255,-0.13622284,0.027488915,0.3425090765539054,0.1275782402709055,0.6029968305729407,10.121678959374885,17.130962646517755,2.910546777560847,1.7617177754616284,6.180679795605915,7.133982586516057,0.08124501,-0.17730351,0.10231985,0.3695031030749154,0.1105320050233902,0.539913783889692,10.61791020794466,17.48506011305713,3.1241234166468517,1.642061043815504,6.324557174190019,7.153225180288949,0.020616686,0.007177661,-0.0067195124,0.3397519615817344,0.1385201718254512,0.5452936159640018,10.394484228032482,16.743468787430935,3.4513427071783447,2
8,6,0,1.3002412799892475,5.999701659714761,7.413527582071527,0.09010255,-0.13622284,0.027488915,0.3313570962063012,0.1336011513888738,0.5583403621538569,10.13522573791019,17.13406545825439,2.9216315394718197,1.7547582576910572,6.198079985043276,7.135961308109445,0.08124501,-0.17730351,0.10231985,0.3782117138148563,0.1113988597230596,0.5544308058344875,10.615044890436783,17.48411343240708,3.129755592112576,1.6426402810302057,6.326783846355005,7.148216790022964,0.020616686,0.007177661,-0.0067195124,0.3540640896548465,0.1309280232224933,0.5516685087779037,10.408509558185736,16.7489190232589,3.4685125082559005,2
8,6,0,1.311768100671904,5.988373477134652,7.421405365865495,0.09010255,-0.13622284,0.027488915,0.337614675402712,0.1347476250715516,0.5626940461764623,10.130488388877106,17.137325082394444,2.9298320266811655,1.7454632750075048,6.183663853889026,7.127056867136036,0.08124501,-0.17730351,0.10231985,0.3659220772824319,0.1054382699758179,0.5566262326021517,10.605601304043148,17.466500791510136,3.105005511552967,1.6315591011399346,6.324761956342271,7.1540022370981315,0.020616686,0.007177661,-0.0067195124,0.339846581721196,0.1468754049056906,0.5531779975671114,10.396536713154854,16.759213036122063,3.476427661838814,2
4,9,3,1.6941184,6.202196,7.268199,-0.01970039,0.006261364,-0.003817905,0.32296038,0.13445325,0.5628927,12.993751,17.831251,2.04375,1.9034904,6.1902323,7.186843,0.033597562,-0.10583232,0.028710645,0.33101967,0.12773664,0.56199455,12.150001,17.550001,2.0062501,2.1134605,6.309873,7.179664,0.083230324,-0.24572036,0.052687086,0.3386564,0.12203945,0.55775136,10.78125,17.04375,1.85625,8
4,9,3,1.695647321596855,6.195262806718904,7.257588735691536,-0.01970039,0.006261364,-0.003817905,0.3391558835724249,0.1288941424991553,0.5768672481477052,13.002446867247643,17.841393919130166,2.0369600970532846,1.894011786795504,6.196164263329418,7.18132240321282,0.033597562,-0.10583232,0.028710645,0.3254612134515474,0.1267173044371635,0.5406328290077361,12.162603538670522,17.55461762920166,2.017276517396437,2.1128789051436927,6.307719406978289,7.183762757494618,0.083230324,-0.24572036,0.052687086,0.3420142781085073,0.1184829249433377,0.5648027968228144,10.773882975953445,17.05104825059995,1.8557051945901608,8
4,9,3,1.6878970460785168,6.200967174109622,7.2798062619256205,-0.01970039,0.006261364,-0.003817905,0.3301258417320691,0.1370305568241135,0.5477641173346679,12.994654372442774,17.819681934227933,2.049323173203729,1.9064372787248105,6.188148101295087,7.163235439582132,0.033597562,-0.10583232,0.028710645,0.3227504374961626,0.1345115774246544,0.5639496705219984,12.164116344837632,17.545155536335542,2.0084044246342128,2.106658807271507,6.333479532240661,7.182793631632636,0.083230324,-0.24572036,0.052687086,0.342806206750146,0.1435170681976316,0.5581753086823458,10.777188814848904,17.038568664624847,1.8454619099533125,8
4,9,3,1.7042772428067652,6.190548890699775,7.270008890475289,-0.01970039,0.006261364,-0.003817905,0.3317771884539537,0.1368352045093148,0.5674462759951066,12.986004343139356,17.83348327727711,2.037329025137175,1.8902968726967715,6.203086611255466,7.186925735003176,0.033597562,-0.10583232,0.028710645,0.3332378315701121,0.1240493238682534,0.5631299536502753,12.13802120114837,17.542162300504675,2.008093453505517,2.120092040258966,6.314423494184562,7.180538518889368,0.083230324,-0.24572036,0.052687086,0.336902000987954,0.1247338026965727,0.5608840663403019,10.770314984182312,17.060868116157167,1.8693901649182647,8
4,9,3,1.6956542675357196,6.199081041198219,7.285355557367398,-0.01970039,0.006261364,-0.003817905,0.3101986813656311,0.1251599957145747,0.55820855957371,12.989372868376387,17.837387216930008,2.0326879580599937,1.9125082156461792,6.195791624207123,7.172891843101266,0.033597562,-0.10583232,0.028710645,0.3368467629395245,0.1135090754412114,0.5683592160908265,12.153048611664738,17.55130925695145,2.012366989840656,2.1089555682012806,6.292314736691794,7.163944276368174,0.083230324,-0.24572036,0.052687086,0.3229673827088496,0.1091093354133493,0.5620498043168406,10.797058735904152,17.056679616880203,1.8542487896385171,8
4,9,3,1.7146122425413275,6.191486920139481,7.277233808578071,-0.01970039,0.006261364,-0.003817905,0.3276760759015182,0.1430442510277284,0.5601083222244697,12.99410764779162,17.830747766225013,2.032120610692455,1.8992133950848356,6.2019826988712214,7.206124787363106,0.033597562,-0.10583232,0.028710645,0.3116575093575169,0.1251570004946965,0.5510203353255119,12.155451613383956,17.55809520792011,1.994350797133468,2.1122414684851165,6.288865961840391,7.174221103286845,0.083230324,-0.24572036,0.052687086,0.3398370937992246,0.1225886196458566,0.5693972336902939,10.767219779263334,17.051348045824952,1.8472528512203688,8
1,7,5,1.3166506,5.9910297,7.4446692,0.09407318,-0.1461494,0.052076224,0.3111464,0.13368176,0.55895483,13.012501,18.75,1.3125,1.6701902,6.1680984,7.3363943,-0.030390523,0.06291907,0.0033597562,0.31854695,0.1340967,0.55945617,12.168751,17.737501,1.85625,1.5002998,6.1567326,7.3549385,0.047647454,-0.05421425,-0.0009162972,0.3223845,0.13466342,0.5605609,11.53125,17.118752,2.1000001,0
1,7,5,1.3182636748845942,5.972398306601355,7.453162525756166,0.09407318,-0.1461494,0.052076224,0.3107905992416164,0.1363605676235873,0.5732895926091514,13.016931754126343,18.74569708280781,1.3066323671077087,1.6506036040392345,6.156638794656874,7.343097206298939,-0.030390523,0.06291907,0.0033597562,0.3216579535518695,0.1410702485902423,0.5507658390144152,12.155939849423184,17.708600976374107,1.8556536637877104,1.5126719230625625,6.148121379172706,7.340947432616441,0.047647454,-0.05421425,-0.0009162972,0.3168923303383584,0.1285925512770055,0.5753789750387646,11.529944267932482,17.120030460374192,2.0925029107107527,0
1,7,5,1.3241591703125657,6.002995698847491,7.450802677802604,0.09407318,-0.1461494,0.052076224,0.3046546832950953,0.1392344218428739,0.5354197208839262,13.011348552787506,18.762601430685113,1.3051396007608809,1.6638322405065062,6.171098202012119,7.331250265969634,-0.030390523,0.06291907,0.0033597562,0.3023349883088899,0.1405614640494512,0.5547736481159117,12.164710335641978,17.743588090106893,1.86896605170561,1.5003861181247655,6.1638835865335215,7.35379037482235,0.047647454,-0.05421425,-0.0009162972,0.3157561802073668,0.1282677414892868,0.5643328821824546,11.545139786366391,17.112242893841195,2.109778971402509,0
1,7,5,1.3345131053074724,5.982324840991338,7.443758027628241,0.09407318,-0.1461494,0.052076224,0.3110389233908058,0.1292028681669096,0.5597478383445815,13.01929736453248,18.732781149975743,1.2967811812065222,1.6565736772296678,6.157892485853904,7.335157761750963,-0.030390523,0.06291907,0.0033597562,0.3134061042279505,0.1221583961602828,0.5549011941837438,12.173519925097208,17.74310569887184,1.8489651423315792,1.4874536830057643,6.162416868203388,7.345284829137123,0.047647454,-0.05421425,-0.0009162972,0.3065148689716889,0.1449718250606988,0.5592629182454497,11.531794662934765,17.089196574177596,2.0864834440218045,0
1,7,5,1.3199593169741215,6.00390822469291,7.439853790206861,0.09407318,-0.1461494,0.052076224,0.3130514691302078,0.129031391377306,0.5584299432545897,13.015253526732046,18.756579462112143,1.3102204683225795,1.6585994874668328,6.165064158746462,7.324372849752597,-0.030390523,0.06291907,0.0033597562,0.3266261615773382,0.1223955533157425,0.547588831180764,12.16763471464933,17.74135664928103,1.8721705476242867,1.4961107701432266,6.164691730031111,7.339167528595395,0.047647454,-0.05421425,-0.0009162972,0.3225438499354958,0.1416415572286843,0.5561647632947991,11.523468869234287,17.133723284134962,2.102249948765698,0
1,7,5,1.3184918370658003,5.988923152068624,7.430650667201152,0.09407318,-0.1461494,0.052076224,0.3187037113206931,0.1578400818293801,0.5732512636001956,13.011041537711968,18.748831595253044,1.3136187977270528,1.6521275148796584,6.16329079043541,7.329014203080345,-0.030390523,0.06291907,0.0033597562,0.3378337442006916,0.1401275373381879,0.5585149007239084,12.15859756757606,17.742002560638376,1.8526417621470923,1.5094056900027408,6.158655255804192,7.377032938862641,0.047647454,-0.05421425,-0.0009162972,0.3350954727466252,0.1275351936117614,0.5551753626149435,11.538438101777793,17.122634237321332,2.1019057518098547,0
2,4,6,1.4638093,5.979664,7.350751,0.1867719,-0.35231626,0.09666935,0.30565107,0.13393515,0.55576956,13.25625,18.75,1.35,1.8484555,6.2733827,7.0618176,-0.041691523,0.17333288,-0.013286309,0.33026293,0.11921643,0.54706514,12.150001,18.150002,1.5,1.9543378,6.3200426,7.0899334,0.05131264,-0.064904384,-0.013744458,0.32710004,0.12689027,0.54888034,11.625,17.831251,1.63125,1
2,4,6,1.4715629021113945,5.991627758038198,7.343256958663608,0.1867719,-0.35231626,0.09666935,0.3129868570283706,0.1407641844714174,0.5658899307174261,13.259466206600306,18.743475198510364,1.340778449923126,1.847185284722928,6.259969625189113,7.070035667755556,-0.041691523,0.17333288,-0.013286309,0.3323487589974754,0.1174139215940601,0.558860717670659,12.159963858001088,18.153660192317293,1.5055374261585974,1.943178895277945,6.339943110744373,7.108597340007077,0.05131264,-0.064904384,-0.013744458,0.3316821032663821,0.1279066820288008,0.5687804210007495,11.63899029063148,17.837124302737976,1.635620687519873,1
2,4,6,1.4624297580853494,5.981894997987269,7.348508938834857,0.1867719,-0.35231626,0.09666935,0.3006101402059224,0.1362750918057512,0.5542651934689617,13.251290860008847,18.7428894322077,1.338314184182827,1.8610387083317588,6.263558056135473,7.035318259769414,-0.041691523,0.17333288,-0.013286309,0.3398920226138656,0.1275480834637915,0.5698660110283997,12.133360037688288,18.14136822896257,1.506159175852663,1.949302826512172,6.338439772380847,7.100187639213035,0.05131264,-0.064904384,-0.013744458,0.3097884044605092,0.138556167716084,0.5558629136806773,11.622076899014438,17.83995342825528,1.621787517667231,1
2,4,6,1.4561280262073115,5.987440873859718,7.361499554673883,0.1867719,-0.35231626,0.09666935,0.300758422755209,0.108398155414318,0.5443088089892933,13.256685047505776,18.75890332535099,1.3507659614780323,1.838865329420191,6.272326678406899,7.054770814477,-0.041691523,0.17333288,-0.013286309,0.336588398815993,0.1069162508717781,0.5395108429386017,12.144121989756703,18.164644890850425,1.4971101928507895,1.9622994401227096,6.337258118265667,7.092762986876945,0.05131264,-0.064904384,-0.013744458,0.313909037310464,0.1372669160223239,0.5571347099979345,11.634328053208185,17.827620663052272,1.6185759130267203,1
2,4,6,1.4572123197232882,5.996282666616545,7.338466045283804,0.1867719,-0.35231626,0.09666935,0.2875259489918769,0.1281357937867503,0.5410078176264934,13.256264811747064,18.738497138049823,1.336640162718559,1.83352793295844,6.287775447346717,7.064324971134286,-0.041691523,0.17333288,-0.013286309,0.3308904182862186,0.1151310157002828,0.5391265195820466,12.148784401696112,18.12704892779945,1.5174679141301308,1.9302508061914017,6.3252527662712925,7.072754147531441,0.05131264,-0.064904384,-0.013744458,0.3130878167808028,0.1358282166855905,0.5386387739841839,11.645168855812893,17.8451897238186,1.6440686239906073,1
2,4,6,1.4599288044878496,5.972556917705591,7.358028015606299,0.1867719,-0.35231626,0.09666935,0.3195664696474345,0.1348563261570646,0.5668216256296049,13.244147441052364,18.75739878277551,1.3536879333541858,1.8492740305028923,6.271648073432078,7.066811068777128,-0.041691523,0.17333288,-0.013286309,0.3265296663707132,0.1111059825458311,0.5437516811840809,12.147708011510364,18.145469120279863,1.495499444687678,1.9549083253605803,6.314993289731712,7.076089068890826,0.05131264,-0.064904384,-0.013744458,0.3414386996944952,0.1439698053487776,0.5360709926805153,11.620312448583965,17.830790933030467,1.6557725414884368,1
9,3,7,1.6893328,6.0753765,7.413563,0.06704241,-0.14202607,0.024281874,0.31981668,0.12787169,0.5619336,11.306251,18.768751,1.5937501,2.5998018,6.456434,6.83091,0.24113888,-0.33750278,0.08384119,0.3552649,0.10855247,0.5455527,10.25625,18.0375,1.3875,1.4333007,6.1178493,7.4536424,-0.12889247,0.26923865,-0.020922119,0.32241505,0.13702029,0.5734578,7.6875005,16.2,1.9125,5
9,3,7,1.6793124154668568,6.09141423460179,7.409197068654187,0.06704241,-0.14202607,0.024281874,0.317129819402381,0.1028616431170798,0.5458627602703092,11.295451811709093,18.770721251383176,1.5796898928920398,2.6117278258080865,6.4639325339650675,6.827811944083683,0.24113888,-0.33750278,0.08384119,0.3661721194003177,0.1040914871310932,0.5346352676188688,10.23977057763817,18.045294831732743,1.396602881250633,1.430358309908577,6.121793573782908,7.46335504893135,-0.12889247,0.26923865,-0.020922119,0.2933737611523103,0.1388056785133185,0.5621594253342694,7.686471096062409,16.17968696249125,1.913409668529219,5
9,3,7,1.677941954157598,6.065604021030614,7.425913478950892,0.06704241,-0.14202607,0.024281874,0.315266349020461,0.1222743154657978,0.559623238501673,11.31209288346603,18.764740564914977,1.5874572727594245,2.5956962285025527,6.4615855168692224,6.811807115850531,0.24113888,-0.33750278,0.08384119,0.3508352828408738,0.0991356116829761,0.5283229298811383,10.267157169965063,18.01440936748764,1.389506895759256,1.4304679240909073,6.105822585325123,7.46266073184141,-0.12889247,0.26923865,-0.020922119,0.3183234125585173,0.1300798252573774,0.5806448773829931,7.692217928877455,16.189886121364214,1.922788154416918,5
9,3,7,1.68304951791849,6.067814850033092,7.411442442943499,0.06704241,-0.14202607,0.024281874,0.3091756648876544,0.1463940739105126,0.5587808064781945,11.285875672961362,18.766400461242448,1.5984121748281634,2.5993027369839488,6.466002161855827,6.832175771506239,0.24113888,-0.33750278,0.08384119,0.3388750922961956,0.1145805889553736,0.5269205646645727,10.243781910321468,18.045940505859217,1.3907432163506457,1.4271210684861135,6.134187316802757,7.461010608472065,-0.12889247,0.26923865,-0.020922119,0.3473988097440868,0.1366908617497402,0.5798374973878848,7.6822270144002545,16.1839610438262,1.8910815470376283,5
9,3,7,1.685701919238055,6.080559214585889,7.411245834115062,0.06704241,-0.14202607,0.024281874,0.3167440777193874,0.1110757893009332,0.5862450092452455,11.29235142869006,18.772018951783615,1.5802153254146196,2.589415668145856,6.4508919084384475,6.839270833546864,0.24113888,-0.33750278,0.08384119,0.3613398716892618,0.1246053960982522,0.5554759208522796,10.259210839885112,18.02026443553146,1.4035723965217908,1.4303556697846445,6.112496705196608,7.445309446728046,-0.12889247,0.26923865,-0.020922119,0.3360036367842268,0.1407632958644039,0.5815310072550502,7.698610296105406,16.208941079862033,1.8956554669996064,5
9,3,7,1.7059850708517357,6.086791873967077,7.416965625153554,0.06704241,-0.14202607,0.024281874,0.3447066689287177,0.1292751807481686,0.5625804805162841,11.317038468702105,18.752503097121384,1.5827974961841906,2.6086395473304687,6.449322930304314,6.831321150469642,0.24113888,-0.33750278,0.08384119,0.3572837566768028,0.1007492723664623,0.5501770943340374,10.263334454889405,18.03725806422418,1.3915290232219548,1.4284769767273693,6.121914038719823,7.44379750907607,-0.12889247,0.26923865,-0.020922119,0.33210752561569,0.1465861253959794,0.5864902347391054,7.694056122493836,16.191962477335064,1.9032435559200565,5
