digit1,acc1X,acc1Y,acc1Z,gyro1X,gyro1Y,gyro1Z,rot1X,rot1Y,rot1Z,mag1X,mag1Y,mag1Z,digit2
7.0,0.90388876,5.2893343,8.043473,0.3827068,0.074067354,0.2376264,0.17019989,-0.23334444,-0.7295151,9.675,34.2,32.925003,0.0
7.0,0.8921418920794939,5.290239375277825,8.038534928733267,0.3827068,0.074067354,0.2376264,0.1525319477884005,-0.2289151979489697,-0.7312995722729908,9.667762276083025,34.20983455670747,32.92804743265827,0.0
7.0,0.9049726805649156,5.29831557901347,8.03554096484583,0.3827068,0.074067354,0.2376264,0.1619935985557909,-0.2319868126060081,-0.7314922565082526,9.688141558229816,34.19099315628201,32.94445799752552,0.0
7.0,0.8898413452029328,5.289276603447024,8.044756023274289,0.3827068,0.074067354,0.2376264,0.1757541069563644,-0.2193954486851728,-0.7070167955506844,9.671921607754856,34.21081408377212,32.92324931982474,0.0
7.0,0.9056261129903108,5.277005577645068,8.050172404591567,0.3827068,0.074067354,0.2376264,0.1666516683874955,-0.2129101726729326,-0.728598076385199,9.676076861634842,34.18808201681363,32.92653664048162,0.0
7.0,0.8980516589308202,5.282040225624877,8.032516982679427,0.3827068,0.074067354,0.2376264,0.1738965028269862,-0.2266699658479783,-0.735357967624457,9.682662424513374,34.210438914912814,32.92802028375803,0.0
3.0,2.5525436,5.983253,7.4859457,0.38423395,-0.46517354,0.2771799,0.32758456,0.06444946,0.45781994,15.825001,21.84375,15.69375,2.0
3.0,2.5366887484950205,5.9794217681171675,7.472002978637681,0.38423395,-0.46517354,0.2771799,0.3346910559605112,0.0536823619634456,0.4566655120162766,15.830177681755844,21.84579225883005,15.698892176034668,2.0
3.0,2.568801590310169,5.9852866116901575,7.498108636055871,0.38423395,-0.46517354,0.2771799,0.3281383849748813,0.0761529477916569,0.4609356038286916,15.80258811753957,21.834490007765098,15.705920409651444,2.0
3.0,2.554099556649854,5.979177257243119,7.488971797531459,0.38423395,-0.46517354,0.2771799,0.3248039798928992,0.0732723749548272,0.4675209027985079,15.829067271272695,21.83229356211575,15.686096267100218,2.0
3.0,2.555640932255777,5.974801885332296,7.48075045100192,0.38423395,-0.46517354,0.2771799,0.3281832883890133,0.058275247969226,0.4436568153329649,15.817323493370049,21.840143781743144,15.69556756853648,2.0
3.0,2.540837572386036,5.989742854020418,7.495496637344278,0.38423395,-0.46517354,0.2771799,0.3249656260133422,0.0715568272040769,0.4506189467344866,15.81943336804832,21.8378836194612,15.700393170443808,2.0
5.0,2.129014,5.7966127,7.6163545,0.18723005,-0.21395539,0.035124727,0.29539785,0.061704807,0.43321133,13.931251,20.625,15.000001,4.0
5.0,2.1185023101633287,5.799670673117456,7.63376110043703,0.18723005,-0.21395539,0.035124727,0.2885741230172516,0.0662357041827002,0.4321019141446631,13.937783967192813,20.6333613248487,15.01078884450922,4.0
5.0,2.1237780066013796,5.7957760985516895,7.613602130311075,0.18723005,-0.21395539,0.035124727,0.2949341906087879,0.0611203651595285,0.4307081576636874,13.934061835175305,20.62085866216495,15.014063110796334,4.0
5.0,2.1326599094789667,5.798085599593913,7.616788627211698,0.18723005,-0.21395539,0.035124727,0.2894907764369843,0.0604438661033459,0.4257770209438213,13.92378573870122,20.61659905291598,15.006244938056396,4.0
5.0,2.131139581133103,5.796733860995809,7.623939886610864,0.18723005,-0.21395539,0.035124727,0.2825603372037729,0.0593633992086855,0.4270113528208681,13.941201856409608,20.638001399635893,14.998795701905712,4.0
5.0,2.124803743285624,5.80344085828303,7.610110655619838,0.18723005,-0.21395539,0.035124727,0.2959642716133452,0.0603355668797261,0.4264358544045734,13.940100769058944,20.635331357923903,15.003293684186422,4.0
9.0,3.1004999,6.068198,7.05105,-0.08353576,0.21670428,-0.022143848,0.3409977,0.040808614,0.4435161,11.512501,19.03125,15.093751,1.0
9.0,3.095304921835446,6.064407793205406,7.061021929985366,-0.08353576,0.21670428,-0.022143848,0.3552223537899351,0.0590084596305703,0.4320725475578186,11.506395847930058,19.015809972429263,15.094949922750372,1.0
9.0,3.1063937250932563,6.061996644813257,7.042062244015527,-0.08353576,0.21670428,-0.022143848,0.3410703067257251,0.0468801710034451,0.4465636523284517,11.50332387092315,19.04832252282641,15.073729017425734,1.0
9.0,3.11021020804907,6.0712711837281805,7.060309886010765,-0.08353576,0.21670428,-0.022143848,0.3381915491015152,0.0288149658260248,0.4535736583846531,11.510702020507546,19.02954965635571,15.095936083338533,1.0
9.0,3.1100146210264823,6.070185722299891,7.046320949159346,-0.08353576,0.21670428,-0.022143848,0.3379983406209164,0.0412435593432128,0.4377651003534309,11.507219729042834,19.027177218857908,15.099978570212643,1.0
9.0,3.101817491588609,6.077216498329986,7.070250945544818,-0.08353576,0.21670428,-0.022143848,0.3360964384873567,0.0491207719138038,0.412467586625379,11.513959837185643,19.035532739408097,15.101721704817104,1.0
6.0,1.861616,5.6333027,7.5720873,0.18692462,-0.31627524,0.08307761,0.32603866,0.053699385,0.44821715,12.731251,19.81875,13.856251,4.0
6.0,1.863924447456502,5.6268405070492005,7.573486367692173,0.18692462,-0.31627524,0.08307761,0.3256203459823484,0.0448536882756563,0.4341986067866542,12.73656513526197,19.82918458643404,13.83886819297262,4.0
6.0,1.8585726705717025,5.637395848825166,7.569052622945764,0.18692462,-0.31627524,0.08307761,0.3194072046523331,0.0379993466371033,0.4406742205370353,12.74145475216262,19.825692389352685,13.851617670519952,4.0
6.0,1.8391498776439397,5.631195186015807,7.594290079021956,0.18692462,-0.31627524,0.08307761,0.3312678552631825,0.0595086862147086,0.4384683737667714,12.729281819782084,19.827528451615255,13.867292530103509,4.0
6.0,1.868545429274878,5.639063495778434,7.560562668793585,0.18692462,-0.31627524,0.08307761,0.3249013807996208,0.060415786124184,0.4442135392598859,12.730069363477185,19.81296927217632,13.849511175577312,4.0
6.0,1.8476806050282235,5.655368530663103,7.5696367946085585,0.18692462,-0.31627524,0.08307761,0.3328748387741891,0.0691006881902544,0.4517115324491656,12.739932243645042,19.80591709410656,13.863776117456457,4.0
4.0,2.0338993,5.6745787,7.600203,0.018173227,0.017104214,0.0009162972,0.32160297,0.052665852,0.44589442,11.231251,19.03125,14.212501,8.0
4.0,2.0312146442924925,5.690584885407281,7.587045281361068,0.018173227,0.017104214,0.0009162972,0.3152220883306258,0.0574006593271243,0.4659445438926765,11.245390278849746,19.04268588437238,14.213312322026509,8.0
4.0,2.0499661527639232,5.6608785197465705,7.621956556311544,0.018173227,0.017104214,0.0009162972,0.3103217097817734,0.060053484142485,0.4373720471733469,11.236072271976616,19.044325544951203,14.217754292695943,8.0
4.0,2.02993016628195,5.66749572482562,7.594641865991881,0.018173227,0.017104214,0.0009162972,0.3239755676137902,0.0594472989138086,0.4252591915592451,11.25268945555679,19.028630626340775,14.203974869480623,8.0
4.0,2.03445012192887,5.68099463468771,7.576323835365309,0.018173227,0.017104214,0.0009162972,0.3102185648209682,0.0553509404970103,0.448688976272429,11.218656738608962,19.034633743577345,14.202037975070157,8.0
4.0,2.054999553793901,5.6654020706024895,7.596122704628451,0.018173227,0.017104214,0.0009162972,0.324442298799851,0.0488122470680572,0.4466679959915885,11.23816642558371,19.04104705562309,14.210912317469202,8.0
1.0,1.7934206,5.6446686,7.7108707,0.16905683,-0.2452622,0.082924895,0.3206911,0.059217207,0.44450462,12.468751,19.575,14.137501,5.0
1.0,1.7830128262709912,5.653223840442089,7.715620942279541,0.16905683,-0.2452622,0.082924895,0.3304506289799053,0.049688423059082,0.4518839967184165,12.467449200922436,19.568701697875262,14.140640961781198,5.0
1.0,1.7982761659885609,5.649493269805933,7.719013911693996,0.16905683,-0.2452622,0.082924895,0.3273988246280327,0.0707250617584281,0.4398842236016563,12.45283959699549,19.567192734936995,14.15020519639279,5.0
1.0,1.7907183463500194,5.648373742942515,7.710752040409366,0.16905683,-0.2452622,0.082924895,0.3247904218441105,0.041994293795276,0.4566506171869485,12.471745500748586,19.58538909494051,14.14005324436275,5.0
1.0,1.8068558954195155,5.6448131884162,7.695994779691209,0.16905683,-0.2452622,0.082924895,0.3200139168012035,0.0595630776131042,0.46054244274649,12.467853803326388,19.58685292712947,14.153457812684872,5.0
1.0,1.8138534594414344,5.6396015937400765,7.69996677888905,0.16905683,-0.2452622,0.082924895,0.3181546070273597,0.0710369720589897,0.4497714216336982,12.461320581003276,19.55851896816801,14.143173698788036,5.0
2.0,2.722434,6.1447687,6.8775706,0.20708317,-0.33444846,0.07498365,0.31659397,0.055668414,0.44064623,10.59375,18.6,15.20625,3.0
2.0,2.7084447793723565,6.153272429763859,6.862973260248593,0.20708317,-0.33444846,0.07498365,0.338228282061485,0.0745432017725113,0.4387217142514243,10.585582285726304,18.592967448570157,15.208948934308935,3.0
2.0,2.7086240219451345,6.141243811885189,6.875793567349006,0.20708317,-0.33444846,0.07498365,0.3234887043743734,0.0530291818649231,0.4479449014112159,10.5843315311272,18.58953630468343,15.21880436179024,3.0
2.0,2.720859922941308,6.1333504909061025,6.8746303705937635,0.20708317,-0.33444846,0.07498365,0.3311583255688212,0.0556108476918895,0.4372529134633827,10.626866355857022,18.579126750992906,15.212408906975812,3.0
2.0,2.713083153081268,6.155182889491927,6.864993205145084,0.20708317,-0.33444846,0.07498365,0.31539826244952,0.0640070647331042,0.4362248838337334,10.571259650748546,18.60003738984068,15.200902999804873,3.0
2.0,2.7273154030673634,6.127766281132017,6.870287952578429,0.20708317,-0.33444846,0.07498365,0.3376510053735659,0.0391937837923084,0.4531526385155163,10.592085791295576,18.606657032658266,15.210297259339889,3.0
0.0,1.7617157,5.5890355,7.7347994,0.06017018,-0.032070402,-0.0044287695,0.30934417,0.05965614,0.4402026,11.15625,19.35,14.718751,8.0
0.0,1.760680618332062,5.586507479128173,7.724728901879869,0.06017018,-0.032070402,-0.0044287695,0.3142196931908984,0.0505355497837677,0.4288728163083853,11.139809282129232,19.35038383158344,14.718950676121237,8.0
0.0,1.765176995494212,5.589114069129849,7.725971070580973,0.06017018,-0.032070402,-0.0044287695,0.2930548359983535,0.0702497578423456,0.4402908593384272,11.154246248673171,19.358709016600095,14.714405151209142,8.0
0.0,1.7495137053452472,5.594057701379235,7.762268586993459,0.06017018,-0.032070402,-0.0044287695,0.3137694444497005,0.0485692499821601,0.4412852881567358,11.165411791574517,19.343838308365385,14.726790205711172,8.0
0.0,1.7528578902503231,5.59826357718637,7.753864073493547,0.06017018,-0.032070402,-0.0044287695,0.2994518739462776,0.0529170022943179,0.4428622592252147,11.155861919179566,19.360374724649116,14.732986617325214,8.0
0.0,1.7410894594039596,5.5792173874997255,7.732375039619674,0.06017018,-0.032070402,-0.0044287695,0.310915205540314,0.0548344524401804,0.4600534200062095,11.158165247479968,19.34486411293,14.735776364451274,8.0
4.0,1.9902302,5.759524,7.55115,0.04382955,-0.014660755,0.02687805,0.3197677,0.060894288,0.44528124,11.587501,18.7875,14.75625,7.0
4.0,1.987543893240412,5.746150058301984,7.5362644352710255,0.04382955,-0.014660755,0.02687805,0.3099475418679866,0.0636833973470427,0.4346850062456129,11.599538054399927,18.777842746972333,14.756217646801678,7.0
4.0,1.9916814181227536,5.7535798957904944,7.563109851614177,0.04382955,-0.014660755,0.02687805,0.3070881791923057,0.0617103042485531,0.4458525530121888,11.5834283701578,18.77763652197484,14.750947297670972,7.0
4.0,1.9894369956840745,5.776871716221296,7.569642521432204,0.04382955,-0.014660755,0.02687805,0.3001975447370609,0.0643665515003974,0.4517454886873861,11.582728744945046,18.788300136908916,14.755281359109029,7.0
4.0,1.985943714082614,5.760742366686234,7.555004463645997,0.04382955,-0.014660755,0.02687805,0.3232724264166506,0.0590754050115719,0.438226631927414,11.584953756172885,18.78655237779299,14.736973773018454,7.0
4.0,1.9615624244024603,5.769975024724201,7.5548989945402,0.04382955,-0.014660755,0.02687805,0.3038353954152984,0.0657636085841732,0.4439046517923543,11.58812734379554,18.779005209124108,14.771245295000831,7.0
3.0,2.57707,5.939584,7.1252275,0.32024586,-0.4489856,0.10262528,0.37001425,0.022419557,0.43828136,8.175,17.400002,15.712501,9.0
3.0,2.586354686492262,5.946746815941232,7.121323308295105,0.32024586,-0.4489856,0.10262528,0.3715667861046371,0.0127266859742984,0.4544140473948507,8.160091838859328,17.40586760395969,15.714560928903037,9.0
3.0,2.5788140170352203,5.940842390234147,7.113144227139585,0.32024586,-0.4489856,0.10262528,0.3627972670602851,0.0303330412860192,0.444616415375444,8.180470381108499,17.39122895753158,15.708658421405326,9.0
3.0,2.579795230395531,5.92664211204181,7.126418633104304,0.32024586,-0.4489856,0.10262528,0.3816615757306273,0.0110927790802818,0.4508195377656837,8.181699910525685,17.400345225585536,15.70995957007288,9.0
3.0,2.56530271927678,5.945470446813978,7.1129140594893245,0.32024586,-0.4489856,0.10262528,0.3849472370310342,0.0116312790914751,0.4320196206888655,8.18792815181437,17.401358465825602,15.70572857395891,9.0
3.0,2.5615885321386473,5.942625134971557,7.129889537508293,0.32024586,-0.4489856,0.10262528,0.3735349828225845,0.0097870784443031,0.4343510411289911,8.169228032124344,17.382906013110397,15.69681056509953,9.0
0.0,1.5726827,5.4933224,7.8287177,0.08659008,-0.14813471,0.031306818,0.30387518,0.062584534,0.44488046,12.656251,20.23125,13.89375,2.0
0.0,1.5879961293177942,5.4883194215904565,7.828429534904312,0.08659008,-0.14813471,0.031306818,0.3033241162095509,0.0456170606987,0.4443520886875308,12.66148620033612,20.24754197583758,13.901597599754448,2.0
0.0,1.5667907019046363,5.495651019815298,7.820402072164605,0.08659008,-0.14813471,0.031306818,0.3044586350094897,0.0578546516333038,0.438706243612486,12.681524851342123,20.227272192055093,13.893823266256137,2.0
0.0,1.5739138442082634,5.484384779024226,7.826479167120873,0.08659008,-0.14813471,0.031306818,0.3085923561906518,0.0629735359060525,0.4356836206391927,12.647525508455614,20.233708564214982,13.903727340998415,2.0
0.0,1.5732447449330795,5.4882140893767,7.839116182709621,0.08659008,-0.14813471,0.031306818,0.3143458527922545,0.0763041165231465,0.4358035509307637,12.677290922482827,20.23243738638772,13.87799155586146,2.0
0.0,1.575519190577654,5.479327113283856,7.829205793017168,0.08659008,-0.14813471,0.031306818,0.2975066785906781,0.0489168145358514,0.4558611250456503,12.667085887192885,20.231183799028233,13.88588564315891,2.0
6.0,2.143969,5.8019967,7.4715886,0.37766716,-0.45952302,0.1262963,0.34356463,0.041089866,0.43457332,10.33125,18.35625,14.83125,1.0
6.0,2.1257106626648428,5.798985606286912,7.471373034258629,0.37766716,-0.45952302,0.1262963,0.3509549417446145,0.0399039123156039,0.4511070551745432,10.326433522574192,18.36703404018386,14.82968159560705,1.0
6.0,2.126075816467787,5.794367013194502,7.461975245666918,0.37766716,-0.45952302,0.1262963,0.3467553853875945,0.038220708076464,0.4323081379811526,10.341742147172218,18.34651365311316,14.828025919413932,1.0
6.0,2.141358591555651,5.805376027202114,7.451468406981792,0.37766716,-0.45952302,0.1262963,0.3421518575376534,0.0393536855910556,0.4252419194661695,10.320078002833249,18.35924691737992,14.839121872288658,1.0
6.0,2.16417667752743,5.818716051168922,7.461903851615342,0.37766716,-0.45952302,0.1262963,0.3382152609750014,0.0406024328743342,0.4398026374638251,10.330566922595253,18.351991380131953,14.834251403601264,1.0
6.0,2.149911474233336,5.795980827604643,7.465618784261808,0.37766716,-0.45952302,0.1262963,0.3379949752884949,0.0330907429077822,0.4454025520207254,10.32973747137782,18.355952380426412,14.835487938653978,1.0
2.0,2.6362925,6.265606,7.0809603,0.1443168,-0.22510368,0.1763872,0.30599844,0.1221945,0.51463485,22.40625,20.6625,12.843751,0.0
2.0,2.629050139109238,6.268230606414565,7.07136263070604,0.1443168,-0.22510368,0.1763872,0.2949812676200507,0.1175281683917804,0.5183614770826815,22.420082117221636,20.661597544807307,12.871954714751954,0.0
2.0,2.632297549668262,6.264670904759052,7.0713913110287345,0.1443168,-0.22510368,0.1763872,0.2990571124500762,0.1181034251386906,0.5156027956861462,22.410631240003628,20.651468503378194,12.854526019931392,0.0
2.0,2.621504045257159,6.260618848371821,7.091281111744464,0.1443168,-0.22510368,0.1763872,0.2955719389616865,0.1233457110986828,0.5207600378420093,22.448443697830783,20.654766799499455,12.837528225490074,0.0
2.0,2.6424778402122056,6.246418192321793,7.099888534886281,0.1443168,-0.22510368,0.1763872,0.3197092587134404,0.1344990330502376,0.5167032427877389,22.40193246224781,20.671017928838182,12.841867244480769,0.0
2.0,2.649104075949124,6.271941003729235,7.094488229011122,0.1443168,-0.22510368,0.1763872,0.299537834086945,0.1100079275927232,0.5182875687673025,22.399298200217977,20.66879919971444,12.843724494447024,0.0
8.0,2.260021,5.8432727,7.4237323,0.018936807,0.0067195124,0.018325943,0.31074107,0.10042647,0.54756206,10.3125,18.0,12.0,5.0
8.0,2.263075267568,5.854138197710574,7.435489385223145,0.018936807,0.0067195124,0.018325943,0.3170446249167714,0.0975368555486019,0.55548425017157,10.315707407482725,18.008332391677442,11.975153275338856,5.0
8.0,2.243781015290923,5.826227821008766,7.418925458317819,0.018936807,0.0067195124,0.018325943,0.3148279036129545,0.1135905247286393,0.5672283249682807,10.31905898969225,17.98710987075549,11.988853787789964,5.0
8.0,2.271369818388806,5.836880272794758,7.450387775423865,0.018936807,0.0067195124,0.018325943,0.3031779177213414,0.0820932665466474,0.5505303371902446,10.317452781107562,18.002691980636133,12.016370691289676,5.0
8.0,2.2749021980316217,5.845354302725271,7.433001266000873,0.018936807,0.0067195124,0.018325943,0.3115051277569353,0.0890784916384356,0.5426183960840038,10.32479758538974,18.00423155816746,12.004815479037113,5.0
8.0,2.2581180717329863,5.8686939457371,7.414517182501526,0.018936807,0.0067195124,0.018325943,0.3128175701919192,0.0959577196801805,0.5441451261726826,10.31110612911456,17.991116018799104,11.991439675684472,5.0
9.0,2.6853452,5.931209,7.166504,0.02687805,-0.06520981,0.064904384,0.33048943,0.08570079,0.5506651,8.400001,16.78125,10.33125,3.0
9.0,2.690909828784708,5.937541340948074,7.155124997474522,0.02687805,-0.06520981,0.064904384,0.3335359893998041,0.080368633613853,0.5586281465498293,8.407162849761626,16.79104471261981,10.327162551437626,3.0
9.0,2.685077822923797,5.939459231165153,7.155585008732001,0.02687805,-0.06520981,0.064904384,0.3398255413750455,0.0907060464146221,0.5589333422489638,8.417813861407412,16.77839312198144,10.311975440602048,3.0
9.0,2.674531275520115,5.917700018626832,7.165170763310435,0.02687805,-0.06520981,0.064904384,0.3226539212467605,0.0779160663617816,0.5348048573457614,8.392545706418023,16.767507114549208,10.326653430407193,3.0
9.0,2.6782761741674843,5.948070971909963,7.152343101050262,0.02687805,-0.06520981,0.064904384,0.3272271403386675,0.0769145463323199,0.5542732153777982,8.396606086013941,16.795820296837476,10.314155241727615,3.0
9.0,2.682893036877431,5.9394602062594215,7.172105462006125,0.02687805,-0.06520981,0.064904384,0.3268866789446359,0.0787514122630066,0.5514073849163462,8.396605880641028,16.78494772194587,10.334894232238517,3.0
1.0,2.3928227,5.903692,7.3525457,0.2944368,-0.46242464,0.04780017,0.2936327,0.1072591,0.561941,10.275001,17.94375,9.65625,2.0
1.0,2.3889700349531293,5.8987476052522,7.358284429538294,0.2944368,-0.46242464,0.04780017,0.2998904259970222,0.1142900065141434,0.5541490315528146,10.279326447366016,17.951145318036247,9.653397210015314,2.0
1.0,2.395530207854104,5.902238628711742,7.342044765857593,0.2944368,-0.46242464,0.04780017,0.3143270844063932,0.1066288969930717,0.5521867967463849,10.27725388527384,17.95716986757086,9.645115240846868,2.0
1.0,2.3969293817573867,5.904534717560273,7.3451694230086995,0.2944368,-0.46242464,0.04780017,0.2978699573069301,0.1109725565726663,0.5726368747951205,10.27019235978032,17.941448405673807,9.644378707259731,2.0
1.0,2.396318924357389,5.881193796489068,7.335837145116834,0.2944368,-0.46242464,0.04780017,0.2842537429304536,0.1125025818148492,0.5577802267832404,10.283730060891896,17.946406901414356,9.652217289212672,2.0
1.0,2.387022984152393,5.907851852723801,7.342405487927681,0.2944368,-0.46242464,0.04780017,0.311285112216941,0.1084238576046198,0.5546281150583521,10.278126034906498,17.95580604738546,9.65529309412576,2.0
5.0,2.1379871,5.8097734,8.513663,0.10873393,-0.16340633,0.074067354,0.30503407,0.10702573,0.5533803,10.762501,17.60625,9.76875,7.0
5.0,2.1390911404040605,5.810529295254758,8.521822693352368,0.10873393,-0.16340633,0.074067354,0.2990429005302082,0.0983677248933622,0.5503961979388222,10.764180407559484,17.609923788696175,9.774503088328606,7.0
5.0,2.146423446460884,5.8085125405854825,8.512597276733505,0.10873393,-0.16340633,0.074067354,0.2959777137627474,0.1164135339512084,0.5549218816370751,10.7664696836354,17.60414657340162,9.762446415935722,7.0
5.0,2.130685320661335,5.809335664599473,8.526155489362576,0.10873393,-0.16340633,0.074067354,0.2813649475060976,0.121462548481066,0.5557130613829554,10.741821076977915,17.6077023846239,9.76694358218626,7.0
5.0,2.153045579407871,5.808638992371684,8.511755963773796,0.10873393,-0.16340633,0.074067354,0.3125526960232153,0.1085259376866825,0.5577309468216007,10.778077526506875,17.605307931359544,9.778379856182172,7.0
5.0,2.1339889728656196,5.8070397483646055,8.520731988080419,0.10873393,-0.16340633,0.074067354,0.3189794499846277,0.1063526927096821,0.5555074198981228,10.777247605412228,17.599169692498233,9.76749521182171,7.0
4.0,2.0063818,5.9264235,8.141579,0.0029016077,-0.025198173,0.005345067,0.3224644,0.109350204,0.55904853,9.8625,16.35,9.525001,8.0
4.0,2.022458804992791,5.945501950202368,8.147532832426757,0.0029016077,-0.025198173,0.005345067,0.3141070998104512,0.0991608970980709,0.562197907693836,9.863381320622658,16.346635868642448,9.525117190096594,8.0
4.0,2.0126531864541093,5.9149807030397055,8.140358932144617,0.0029016077,-0.025198173,0.005345067,0.3037152429899177,0.1144263362632799,0.5597597159069253,9.870731245657955,16.33978358900839,9.515868822379751,8.0
4.0,2.0174114321528576,5.926131100337816,8.134520086253756,0.0029016077,-0.025198173,0.005345067,0.3200744138367719,0.1005120661931373,0.5596638500254001,9.858167609675634,16.32913535199654,9.520383167966534,8.0
4.0,2.0133900369375106,5.9341295375901515,8.12035759827908,0.0029016077,-0.025198173,0.005345067,0.3192347792296353,0.0906113830148415,0.5647249680603875,9.869448936191278,16.342058801411277,9.513149832740584,8.0
4.0,2.0090976804730305,5.91216161095773,8.133402210549386,0.0029016077,-0.025198173,0.005345067,0.3237842505580878,0.1130042237373469,0.541761057433406,9.86637737101621,16.354178905576248,9.518133989727612,8.0
3.0,3.3481572,6.4905314,6.730412,0.18157956,-0.30619597,0.1188132,0.33373874,0.09795795,0.55640256,8.512501,16.143751,10.21875,0.0
3.0,3.3604677053054837,6.495772652309873,6.726977335564056,0.18157956,-0.30619597,0.1188132,0.3281033288952512,0.1119553330353431,0.5598487195971613,8.510973254891429,16.1373512703385,10.209004660913743,0.0
3.0,3.334113514506174,6.475096358039765,6.745663193550445,0.18157956,-0.30619597,0.1188132,0.3394444412613669,0.1023073189775844,0.5587215180777122,8.519350315214854,16.138531979024545,10.215604249337424,0.0
3.0,3.3355372458914947,6.4792387324850855,6.723100189643941,0.18157956,-0.30619597,0.1188132,0.3375236387622105,0.1131448623525316,0.5609005487760368,8.52051512276318,16.144441052328173,10.21209098508968,0.0
3.0,3.355000236517699,6.48628283842268,6.726972999731482,0.18157956,-0.30619597,0.1188132,0.3393424402683702,0.0874897037296855,0.5657148039618366,8.512982839030757,16.156190149179842,10.217273650896848,0.0
3.0,3.340602739712056,6.486649164542848,6.729785683470707,0.18157956,-0.30619597,0.1188132,0.3329085861267479,0.1015833668019982,0.5506129971334424,8.517624344331177,16.144417899831947,10.225184925686325,0.0
0.0,1.2167503,5.4813585,7.8400836,0.047647454,-0.052076224,0.019089524,0.2980199,0.11869236,0.565837,10.8,17.456251,8.868751,6.0
0.0,1.2262443406090373,5.499038941291982,7.861096495211533,0.047647454,-0.052076224,0.019089524,0.3050712742675758,0.1155801969885246,0.5482435285134958,10.7931509142852,17.461508780680358,8.86934154939798,6.0
0.0,1.1986865856875468,5.48932820078471,7.841659380961776,0.047647454,-0.052076224,0.019089524,0.3179490597337306,0.1442795426932724,0.5712300108936662,10.810797957316597,17.446741319986828,8.872605050075615,6.0
0.0,1.219126740154941,5.460662749668599,7.8369777851132785,0.047647454,-0.052076224,0.019089524,0.2939060449921697,0.1265945541672022,0.56979877461633,10.802092773635126,17.459614749607034,8.8589670111037,6.0
0.0,1.213508365643266,5.470936156647615,7.846701580673134,0.047647454,-0.052076224,0.019089524,0.3099276763417908,0.1136715282097641,0.5770367259650132,10.820150528579443,17.45813585282968,8.876416155444682,6.0
0.0,1.225221195350392,5.484575663810033,7.830966377770549,0.047647454,-0.052076224,0.019089524,0.3070104057453784,0.115069360366623,0.5713179638885246,10.800839103343034,17.44802815445063,8.858528683845597,6.0
7.0,1.3770695,5.669793,7.238887,0.036346454,-0.008399391,0.011911863,0.29588845,0.11668987,0.5584794,11.94375,18.375,9.58125,4.0
7.0,1.371622056610442,5.6646819883222,7.23509848022653,0.036346454,-0.008399391,0.011911863,0.303261744154309,0.1351790082885597,0.5479056740186401,11.94692201587868,18.37609188465721,9.576539883818429,4.0
7.0,1.3683223948837615,5.6756830229393,7.236087159864315,0.036346454,-0.008399391,0.011911863,0.3000785476285723,0.1220035433869241,0.5469673781220484,11.946925147955977,18.378561280754337,9.57240847903174,4.0
7.0,1.3771588283024878,5.675569589088785,7.224461813787042,0.036346454,-0.008399391,0.011911863,0.2927488338171969,0.1209748821663238,0.5679470640443581,11.928477895403166,18.378165334084105,9.590350262086863,4.0
7.0,1.3632392375366462,5.656794879504362,7.249521366233386,0.036346454,-0.008399391,0.011911863,0.2968784906400955,0.118730019899693,0.5680319088863293,11.941641845262474,18.362535655920627,9.55985990751192,4.0
7.0,1.3580993231533476,5.669415290554971,7.2466106944224284,0.036346454,-0.008399391,0.011911863,0.2910789723100951,0.1099955193993496,0.5459825629789217,11.949776269499909,18.387306845253644,9.586823702993874,4.0
2.0,1.9597218,5.903692,7.409375,0.09651663,-0.23044874,0.075289086,0.30988508,0.1164229,0.5640111,10.575001,16.612501,8.71875,1.0
2.0,1.967724266287145,5.889418679198347,7.392347220897899,0.09651663,-0.23044874,0.075289086,0.2938950182068112,0.1334601189029989,0.5618827759787393,10.571851822027863,16.621646119419307,8.721238693207845,1.0
2.0,1.972640910903944,5.894922504403831,7.399051212091509,0.09651663,-0.23044874,0.075289086,0.3210934992746236,0.1111030657971539,0.5697860388840226,10.556563726077597,16.6247739884022,8.724180651157942,1.0
2.0,1.9537029939542816,5.897141236047277,7.416095110625354,0.09651663,-0.23044874,0.075289086,0.317265887993611,0.101943149695897,0.5621290594333636,10.563317641647954,16.61369158277879,8.723054177455804,1.0
2.0,1.9541888045259164,5.9155480880096025,7.402955342785502,0.09651663,-0.23044874,0.075289086,0.298360113096718,0.1205779340293093,0.5596256336222252,10.58675328482772,16.61497653619732,8.708063358157974,1.0
2.0,1.94420034185008,5.898471977625837,7.401826131339772,0.09651663,-0.23044874,0.075289086,0.304814756558403,0.1123066035861038,0.5533529146756546,10.605199744843194,16.625706671757232,8.722276302037432,1.0
8.0,1.7222341,5.631508,7.626524,-0.037262753,-0.03619374,0.013286309,0.30254108,0.10810742,0.5734839,9.806251,16.95,8.512501,0.0
8.0,1.7034654246847574,5.632769435357412,7.632671336371895,-0.037262753,-0.03619374,0.013286309,0.3137883955000572,0.0828839896879647,0.5713565446428834,9.795943121155354,16.946165990743786,8.502714699279199,0.0
8.0,1.7208391978392874,5.632875340610034,7.62844883884435,-0.037262753,-0.03619374,0.013286309,0.2880339311285473,0.1131864605548083,0.5673955463526812,9.800156803385535,16.961948637913178,8.504728256336227,0.0
8.0,1.7145886502704568,5.620526801819432,7.608229536241104,-0.037262753,-0.03619374,0.013286309,0.2699691796793834,0.1092340621418963,0.5773034407642267,9.797212246570009,16.947164779521636,8.519018031280469,0.0
8.0,1.7293072925433954,5.651920037766924,7.626758763970784,-0.037262753,-0.03619374,0.013286309,0.2959436738600053,0.1050807169884672,0.5671892369521545,9.784503939981862,16.946443072094368,8.514583414497311,0.0
8.0,1.71053808656652,5.650957716757434,7.621069656271509,-0.037262753,-0.03619374,0.013286309,0.3038942280960214,0.1199344447602099,0.5879696208313302,9.803810923369262,16.949261786570304,8.50549967731152,0.0
4.0,1.7880367,5.7840505,7.584051,0.108886644,-0.10720677,-0.0001527162,0.31295666,0.10871488,0.5566175,11.231251,17.90625,8.45625,3.0
4.0,1.7884945965471706,5.7829702707852455,7.566786517271138,0.108886644,-0.10720677,-0.0001527162,0.3222151860283064,0.0969621976566986,0.5511987739345031,11.202934633770171,17.891605942117693,8.454604699915452,3.0
4.0,1.8051223414594328,5.791675917171696,7.584390676026274,0.108886644,-0.10720677,-0.0001527162,0.3205086853499326,0.1186462115698208,0.5605484291133334,11.237894357745033,17.91530902899623,8.447392702660498,3.0
4.0,1.774497468508714,5.794609828030414,7.585541028936354,0.108886644,-0.10720677,-0.0001527162,0.2938492742789625,0.124213837976186,0.5473476759326605,11.23762055771947,17.900136863665328,8.464279528689092,3.0
4.0,1.766762812838531,5.770169134129106,7.574147006142505,0.108886644,-0.10720677,-0.0001527162,0.3322447792379843,0.1119370439931431,0.5611318263166515,11.228391910660228,17.89678661649068,8.469123449445583,3.0
4.0,1.783233909530384,5.79857670205477,7.586504309290749,0.108886644,-0.10720677,-0.0001527162,0.3013400540475994,0.1032552553030248,0.5468726113117046,11.244784459680767,17.887953092016197,8.457419979189861,3.0
2.0,2.3922246,6.1232333,7.140781,0.33750278,-0.34193155,0.16859868,0.31544104,0.110243976,0.55580336,11.6625,17.925001,8.587501,1.0
2.0,2.396976945694796,6.130342154984346,7.1376002424122875,0.33750278,-0.34193155,0.16859868,0.3231450232342855,0.1076607794337267,0.5457523553460414,11.679259839918815,17.937414108455886,8.608163356939947,1.0
2.0,2.410606365233484,6.11583851649792,7.14665214829418,0.33750278,-0.34193155,0.16859868,0.3067752030481362,0.0972032524948422,0.5623486465158847,11.663884251276356,17.932255851616944,8.592873203026778,1.0
2.0,2.3917260674457292,6.1181304739798295,7.124878798012774,0.33750278,-0.34193155,0.16859868,0.310189101034061,0.1326841668526071,0.550664286250917,11.679192436232292,17.912472631557296,8.574788650871222,1.0
2.0,2.412482185935866,6.131558585434529,7.128263270644532,0.33750278,-0.34193155,0.16859868,0.3134338451890372,0.1201954137395131,0.5513136741420606,11.653712430681704,17.9344880626123,8.595130852173819,1.0
2.0,2.383140854879523,6.125358474210631,7.151277169080895,0.33750278,-0.34193155,0.16859868,0.3144268213649042,0.1188265850656951,0.5609176691495047,11.676682469754908,17.919834231789075,8.588684425208493,1.0
7.0,1.4835501,5.8504515,7.489535,0.043371398,0.0006108648,0.0013744457,0.3069256,0.12921965,0.57521135,12.056251,17.2875,7.6687503,2.0
7.0,1.5059439615303376,5.84216546588287,7.485759961035388,0.043371398,0.0006108648,0.0013744457,0.3086034545389026,0.1221008284451192,0.5718596969128615,12.062224489262316,17.29599458428709,7.661180512264259,2.0
7.0,1.4932670301984334,5.854518146120989,7.497500486307675,0.043371398,0.0006108648,0.0013744457,0.3186267668136153,0.1382294411206006,0.5945267328220252,12.060826838534238,17.286976662326865,7.652180035595149,2.0
7.0,1.4877771246906728,5.845211040220988,7.497685591404804,0.043371398,0.0006108648,0.0013744457,0.3012174711747521,0.125197270471349,0.5866624548467481,12.059222040534674,17.29290328955134,7.681985892399981,2.0
7.0,1.4600998916012364,5.852380275690537,7.491634380148859,0.043371398,0.0006108648,0.0013744457,0.3197277433344619,0.1297454040341965,0.5908869401699692,12.043661481366655,17.268786131388705,7.672551316683098,2.0
7.0,1.4739238353736763,5.835356570959374,7.504783968256135,0.043371398,0.0006108648,0.0013744457,0.303290281102371,0.1382346398828756,0.5682156537279243,12.079038451626303,17.287048051751185,7.670541895274067,2.0
7.0,1.4452649,5.456234,7.7964144,0.09086613,-0.113926284,0.027641632,0.28185213,0.11957671,0.5803284,11.137501,18.018751,7.1062503,9.0
7.0,1.4568681326615895,5.4689909284419365,7.80215787704531,0.09086613,-0.113926284,0.027641632,0.2685513298022484,0.1274742245556933,0.5935068227414699,11.137001220277597,18.015927875325417,7.114885236820932,9.0
7.0,1.435219398608064,5.454592257320918,7.795939714960314,0.09086613,-0.113926284,0.027641632,0.2798576457830477,0.1034628451724368,0.5661444539501573,11.125882496182664,18.01277882093934,7.105926277349591,9.0
7.0,1.461747200859218,5.436688870569037,7.802042284398204,0.09086613,-0.113926284,0.027641632,0.2787302051481056,0.123541857935966,0.5802476378754257,11.135791978135988,18.02289618159679,7.093923428521005,9.0
7.0,1.449827945022677,5.480407276030068,7.793014925569702,0.09086613,-0.113926284,0.027641632,0.2838295115440364,0.1426723259328676,0.5800337417961627,11.144531936986866,18.032818858241345,7.105907442482926,9.0
7.0,1.448429066567765,5.464449125347605,7.798673087545267,0.09086613,-0.113926284,0.027641632,0.2735161126170108,0.1250374773751213,0.5766050918473323,11.12968486462646,18.006786815216596,7.103647439903599,9.0
5.0,1.835295,5.705087,7.5786676,0.07574723,-0.101250835,0.0108428495,0.30473295,0.10852482,0.57343775,10.106251,17.90625,7.8562503,8.0
5.0,1.8231867474759824,5.7089127378048,7.57146299399178,0.07574723,-0.101250835,0.0108428495,0.3038139193978807,0.1077639762002627,0.5789197770670411,10.095694571848126,17.917182051520268,7.862878124029759,8.0
5.0,1.8473083540230004,5.693042409315666,7.581819763458151,0.07574723,-0.101250835,0.0108428495,0.2985913524376624,0.1021189626286466,0.5613197592180189,10.100329691934116,17.89044987516258,7.833531543830079,8.0
5.0,1.8206294776392975,5.704373973228755,7.597521063314621,0.07574723,-0.101250835,0.0108428495,0.301003911753355,0.1058254229943136,0.5652978321808857,10.108620069835652,17.90253187509952,7.862783862410206,8.0
5.0,1.8471212343309429,5.705576051964524,7.5776330883309,0.07574723,-0.101250835,0.0108428495,0.3007785865783177,0.0997281623461718,0.5869028363620505,10.093820378209292,17.902493899901092,7.853381288194105,8.0
5.0,1.833009430590459,5.699148115345092,7.586027773491256,0.07574723,-0.101250835,0.0108428495,0.2990845125264177,0.1220636137971993,0.558130700405489,10.110490390632023,17.915187525428884,7.851701761517334,8.0
7.0,1.899303,5.8677993,7.645068,-0.01970039,0.083688475,-0.0036651888,0.31298912,0.11363966,0.5714213,10.725,17.268751,7.6312504,5.0
7.0,1.890017491911254,5.873961685603206,7.664276216062401,-0.01970039,0.083688475,-0.0036651888,0.341380970367045,0.1104935474996826,0.5841744740089696,10.728727294591192,17.280656447804784,7.632134133137475,5.0
7.0,1.900615199029712,5.874021950541179,7.63652524152601,-0.01970039,0.083688475,-0.0036651888,0.3049785188041101,0.1168321979005792,0.565971686255648,10.73762986412587,17.26472560802119,7.628286756981185,5.0
7.0,1.9047359865745783,5.866207308323987,7.645346963493192,-0.01970039,0.083688475,-0.0036651888,0.312175952510144,0.1355417152813796,0.5760884921981154,10.722986575456831,17.26796925790133,7.64533202232986,5.0
7.0,1.8886910338182736,5.860149922807953,7.652936847837842,-0.01970039,0.083688475,-0.0036651888,0.3140337549466093,0.1111362045912988,0.5616931918420669,10.701230393984217,17.2688226220324,7.620720125195671,5.0
7.0,1.897526643071066,5.8695410324405,7.637443156991835,-0.01970039,0.083688475,-0.0036651888,0.2983458311608427,0.1148535584734112,0.5690488094862101,10.735722894609204,17.26889313593309,7.618964461492417,5.0
4.0,1.6498512,5.599205,7.7425756,0.052687086,-0.017409647,0.03375028,0.281473,0.11718715,0.5768405,11.75625,19.03125,7.7250004,0.0
4.0,1.6469604890931815,5.606550693050047,7.752608491425276,0.052687086,-0.017409647,0.03375028,0.2759110599464139,0.1224227090486466,0.5943058621608747,11.756630747223827,19.03162102867603,7.727803931049025,0.0
4.0,1.6249087114229812,5.601001487254239,7.745433730762341,0.052687086,-0.017409647,0.03375028,0.2774780264222366,0.1230213194728451,0.5627273035600818,11.752700589523812,19.035588121155023,7.736388625759301,0.0
4.0,1.632023746878458,5.605448441244551,7.735793800427838,0.052687086,-0.017409647,0.03375028,0.2760740049693913,0.1143285291740075,0.581969677137014,11.74744295460021,19.0253296310752,7.730668963413134,0.0
4.0,1.6424062552957943,5.593241025943244,7.7417334954002,0.052687086,-0.017409647,0.03375028,0.2847322969042093,0.1192197888069984,0.5850732775408807,11.747429890323591,19.016422661387736,7.722746558649746,0.0
4.0,1.6625600210153924,5.611127787535909,7.740008083333102,0.052687086,-0.017409647,0.03375028,0.2711965867217637,0.1201885910918094,0.5776857308159986,11.739461155989808,19.05562657439761,7.708515528487384,0.0
0.0,1.4530416,5.6033926,7.829914,0.053908817,-0.07238748,0.031001387,0.2860572,0.12202064,0.57666945,12.056251,18.675001,7.275,3.0
0.0,1.460375290239922,5.604410337651319,7.827019214896939,0.053908817,-0.07238748,0.031001387,0.2791407641904488,0.1246237793851625,0.5922159268596804,12.041702010050638,18.70567385864546,7.276463768199085,3.0
0.0,1.464043106335628,5.608088605805668,7.821861560614438,0.053908817,-0.07238748,0.031001387,0.2898150591393412,0.1319113992057687,0.5992866034916764,12.04553131890659,18.66419636477109,7.2788737315335315,3.0
0.0,1.4659901642320396,5.605239935618854,7.813808393796223,0.053908817,-0.07238748,0.031001387,0.3037189321514264,0.1442032216197496,0.5858847879943434,12.054804994583945,18.66978029665113,7.277779503175188,3.0
0.0,1.4609471921044546,5.607322049361594,7.829816358947881,0.053908817,-0.07238748,0.031001387,0.285897280629226,0.1005094139642697,0.5886570515027482,12.047394579503496,18.683667040448604,7.278815796747333,3.0
0.0,1.457488746768041,5.591981431133128,7.836000843890129,0.053908817,-0.07238748,0.031001387,0.290692384519487,0.1253020295707023,0.5896291990873364,12.05746625462785,18.669862547757074,7.274799336653823,3.0
1.0,1.5224334,5.757131,7.6181493,0.19685118,-0.3084867,0.045203995,0.27851686,0.13115963,0.56954026,15.13125,20.04375,7.6875005,2.0
1.0,1.526565113618486,5.7637880172348375,7.621939680956817,0.19685118,-0.3084867,0.045203995,0.2728071642944763,0.1251722995761308,0.5765968449229483,15.141091865709202,20.051480948705528,7.688689426991842,2.0
1.0,1.526039488325378,5.767030015086606,7.60014883292093,0.19685118,-0.3084867,0.045203995,0.2724990801910558,0.1347940163766789,0.5635906073427517,15.12186770216652,20.04664370227091,7.688848425913009,2.0
1.0,1.5200394544418867,5.760462381213496,7.6305099565774785,0.19685118,-0.3084867,0.045203995,0.2836655502052633,0.1374227251439894,0.5789886798851792,15.139344739434458,20.059665660660233,7.700256357472482,2.0
1.0,1.5410086773061429,5.75445304145071,7.611991260007127,0.19685118,-0.3084867,0.045203995,0.2568429208443124,0.1368897781741688,0.552085904791148,15.138113578882438,20.041273645347793,7.695057567786665,2.0
1.0,1.53078947690385,5.761356338902441,7.612166198222815,0.19685118,-0.3084867,0.045203995,0.2897651667894617,0.1306842329370591,0.5713142129308899,15.137628160306662,20.02972138172285,7.671027418040174,2.0
6.0,2.105684,5.971887,7.411768,0.061239194,-0.08781181,0.04214967,0.31565943,0.113672264,0.56471276,12.431251,17.8125,8.0625,7.0
6.0,2.087536296931928,5.960545079279755,7.417503993556356,0.061239194,-0.08781181,0.04214967,0.3179753817284816,0.1006546258471988,0.5676448513199335,12.407847302602052,17.83367170541685,8.055663786307047,7.0
6.0,2.1188764202115973,5.9760156935939825,7.404484835260148,0.061239194,-0.08781181,0.04214967,0.3250751502625738,0.1137767293499001,0.564403243073311,12.42644571828061,17.80740664928734,8.068183067790427,7.0
6.0,2.092386241963981,5.973344393267021,7.379524148579517,0.061239194,-0.08781181,0.04214967,0.3141013598191652,0.09730253844202,0.566629007303033,12.435440910966062,17.81307077588818,8.07295600821342,7.0
6.0,2.1074516473676357,5.986044469317845,7.438942522417527,0.061239194,-0.08781181,0.04214967,0.2973309581551848,0.1125460971163742,0.5852192571918388,12.430671267311816,17.821196824796953,8.073842708459457,7.0
6.0,2.1018967331525364,5.9892333160324585,7.423878350254499,0.061239194,-0.08781181,0.04214967,0.3095836533152311,0.1235586209310569,0.5803275470013827,12.436944783119516,17.802656370855573,8.066489531888765,7.0
3.0,2.5758736,6.2721863,7.023533,0.04444041,-0.07147118,0.0019853106,0.32870555,0.11100958,0.55264217,12.468751,17.25,8.45625,8.0
3.0,2.583642106119142,6.274947016155552,7.017849906059345,0.04444041,-0.07147118,0.0019853106,0.3242081800909074,0.113574553543906,0.5394488981853616,12.457265701917278,17.243424179364858,8.445910562895625,8.0
3.0,2.5657951914332013,6.289755519147304,7.007265636489655,0.04444041,-0.07147118,0.0019853106,0.3341091536337124,0.1116169441464827,0.5525849002038684,12.45365543943888,17.252947388578562,8.475440381399622,8.0
3.0,2.570954508414804,6.2700137892850165,7.010586519138463,0.04444041,-0.07147118,0.0019853106,0.3388046851091157,0.1071679140399653,0.5619236274754134,12.454751687473667,17.261835212572585,8.483844893171918,8.0
3.0,2.5742052963922495,6.274431447899174,7.012417870043236,0.04444041,-0.07147118,0.0019853106,0.3321617420345091,0.1075840942739176,0.552214803201359,12.468090959851333,17.24066627971609,8.454963730932347,8.0
3.0,2.558990457851775,6.260146254330907,7.020841757228467,0.04444041,-0.07147118,0.0019853106,0.3228767991816449,0.1240668823493069,0.5300534111056879,12.4504332913849,17.24919090084795,8.452119972038565,8.0
5.0,2.0147567,6.1363935,6.643672,0.13500112,-0.28115052,0.0070249448,0.31157982,0.12428998,0.56385267,13.500001,17.400002,7.2937503,9.0
5.0,2.008751522910409,6.1510016506873875,6.640742890207851,0.13500112,-0.28115052,0.0070249448,0.3060141195842107,0.1251634351088357,0.5504020142584748,13.502064060776874,17.394831098558857,7.287755996648595,9.0
5.0,2.0209357484587365,6.132353177377923,6.642469337386031,0.13500112,-0.28115052,0.0070249448,0.3107483032755135,0.1041453334630787,0.56303890357624,13.512711039759267,17.411416234026106,7.292202014188605,9.0
5.0,2.0179021085571227,6.137872280497157,6.65652769786662,0.13500112,-0.28115052,0.0070249448,0.3240320079503523,0.1027054499244967,0.5423659036162188,13.484039292367909,17.387926463745114,7.301337995937017,9.0
5.0,2.0251245625381724,6.145072196465795,6.647511695524896,0.13500112,-0.28115052,0.0070249448,0.3035435306913754,0.1224349940274626,0.5545829003018596,13.48650118907352,17.389657826758967,7.280411259476165,9.0
5.0,2.016794322080183,6.127714361814667,6.654480790399026,0.13500112,-0.28115052,0.0070249448,0.3122302768898574,0.1141327034431828,0.5779829827511559,13.49497283891244,17.38756705713578,7.29780480961276,9.0
8.0,1.5571294,6.0430737,7.422536,0.056199558,-0.101708986,0.047189303,0.3037446,0.13049357,0.5490652,13.650001,17.4375,2.6437502,3.0
8.0,1.5382882648834166,6.0379643475057785,7.428777587215058,0.056199558,-0.101708986,0.047189303,0.3092589068751725,0.1056633895949258,0.5414903212705247,13.645323792306172,17.44238390207737,2.6470201538872673,3.0
8.0,1.5525197538490492,6.026349205434839,7.429118556253071,0.056199558,-0.101708986,0.047189303,0.3083476348040747,0.1254762291198861,0.5561202898672446,13.658079059118624,17.42447739311579,2.639376630987184,3.0
8.0,1.541285992408615,6.012177311276961,7.420629166600176,0.056199558,-0.101708986,0.047189303,0.3067046616202084,0.1179422343509739,0.547282472773643,13.64664683533996,17.405764647170166,2.6408377854903433,3.0
8.0,1.5545836346513422,6.051240121766301,7.4246976647185905,0.056199558,-0.101708986,0.047189303,0.2990396651657155,0.1237552771370436,0.536461661136104,13.654061449986717,17.436908275305637,2.652836657309857,3.0
8.0,1.57136888365205,6.046111691878805,7.427083482143994,0.056199558,-0.101708986,0.047189303,0.297586852594294,0.127768336698328,0.5461486617478609,13.649459074391093,17.414843566352637,2.638950768393259,3.0
0.0,1.4763715,5.7816577,7.5726852,0.04657844,0.0030543238,0.025198173,0.32161754,0.11968343,0.5706447,9.7875,17.0625,1.3312501,4.0
0.0,1.4875538818206773,5.780105955360455,7.583185208258542,0.04657844,0.0030543238,0.025198173,0.3359608617788459,0.114915664660813,0.5900831014574852,9.773829432489244,17.067041285993135,1.3279278855609111,4.0
0.0,1.4676619968664626,5.778162143439466,7.572266292240217,0.04657844,0.0030543238,0.025198173,0.3294646029733805,0.1289678765772086,0.5851757401571266,9.814253509472088,17.068390852304272,1.3387888343894183,4.0
0.0,1.4793697181827672,5.758311758670057,7.596092050383822,0.04657844,0.0030543238,0.025198173,0.2920599675143358,0.1234797492912952,0.5752903727352635,9.795107766362245,17.058848926487663,1.3305747724816357,4.0
0.0,1.4933273807855458,5.769764576450461,7.579052461775244,0.04657844,0.0030543238,0.025198173,0.3111120962338478,0.1050243198724891,0.5710120472256455,9.771166024130627,17.08420211432278,1.313177719060124,4.0
0.0,1.486822556584998,5.778304105032932,7.577028848492848,0.04657844,0.0030543238,0.025198173,0.3269411064078988,0.1211641426641874,0.5574560481449433,9.79003790524918,17.058801838529988,1.3284551489004892,4.0
2.0,2.3108685,6.419345,7.109076,0.28313583,-0.4375319,0.19196425,0.30665055,0.13739179,0.55045617,14.56875,18.28125,2.9625,1.0
2.0,2.3141475865575063,6.41575008180414,7.107726447258342,0.28313583,-0.4375319,0.19196425,0.3056335400386832,0.1470473297588877,0.5595032106704803,14.55397556124089,18.28293612391439,2.9618336732708705,1.0
2.0,2.3200764700881,6.401435646598532,7.109846133557874,0.28313583,-0.4375319,0.19196425,0.2930448042946858,0.1429797354134312,0.5733485235628168,14.568981844645458,18.276403568036574,2.9704389844227737,1.0
2.0,2.300742820373717,6.42499898523475,7.102904964137936,0.28313583,-0.4375319,0.19196425,0.3011068697424194,0.1269774382656844,0.5515114815294319,14.566662711168847,18.2798378168991,2.9569565786283185,1.0
2.0,2.312526560547969,6.410735208576641,7.113524819913287,0.28313583,-0.4375319,0.19196425,0.3086414758153404,0.1445376883364415,0.5532265518042485,14.562218414138124,18.292418138840823,2.9612433572839567,1.0
2.0,2.312578808823763,6.4362232487531434,7.1213260379961865,0.28313583,-0.4375319,0.19196425,0.3142925155306644,0.1317383230343542,0.5423118437488207,14.570680490173809,18.289957854360576,2.975053836182065,1.0
6.0,1.9615164,6.172286,7.186843,0.082161315,-0.030695954,0.022601997,0.33413422,0.11814086,0.5490615,9.58125,16.1625,2.6437502,8.0
6.0,1.9610051868301537,6.183419333119838,7.179824099206066,0.082161315,-0.030695954,0.022601997,0.321752258530138,0.1321325179255255,0.5499315769108339,9.580904776522962,16.162675436522036,2.653612877761056,8.0
6.0,1.9586917975314608,6.1843558898789635,7.195272574979656,0.082161315,-0.030695954,0.022601997,0.3311528151194879,0.1039938777672721,0.5426933394916379,9.573115650939648,16.168730197456803,2.6632356310825265,8.0
6.0,1.9587601774849144,6.170503942272384,7.182685062511798,0.082161315,-0.030695954,0.022601997,0.3379288023247465,0.1149970142934964,0.5495815238258471,9.57664521751416,16.153439519016015,2.644496748766426,8.0
6.0,1.9728360393608664,6.173026760934574,7.197871829317482,0.082161315,-0.030695954,0.022601997,0.3272105392687658,0.1112522895115038,0.5483945092204324,9.584561407370762,16.180684569822592,2.6514817153375603,8.0
6.0,1.961597535127981,6.1725940077496775,7.18324802568575,0.082161315,-0.030695954,0.022601997,0.3196914089299806,0.1271327255046429,0.5386611490171895,9.595963024636212,16.17652264902242,2.6396727386139207,8.0
1.0,1.8335004,6.1495543,7.211369,0.06108648,-0.061544627,0.021380268,0.3130071,0.13139477,0.56275445,11.981251,17.775002,1.1812501,5.0
1.0,1.838385298542051,6.166085976324707,7.2036192636682665,0.06108648,-0.061544627,0.021380268,0.3314430992425465,0.1178724214331534,0.5834917117719282,11.971508537091651,17.767139463659937,1.187287574288658,5.0
1.0,1.826806539840572,6.132638425263438,7.201695494999605,0.06108648,-0.061544627,0.021380268,0.3092449506287485,0.1413702011504322,0.5647148416493404,11.98815918326564,17.759408719376157,1.163927539324447,5.0
1.0,1.8123116801127133,6.134259150770076,7.23076494500033,0.06108648,-0.061544627,0.021380268,0.3117614586764954,0.128472413815012,0.5607989690060281,11.981080921782006,17.767455742392883,1.1910145172326665,5.0
1.0,1.8599006203062292,6.141779480043578,7.23809734822766,0.06108648,-0.061544627,0.021380268,0.2896430221465766,0.1358239979446655,0.5629386809305018,11.956425291918416,17.770803424683177,1.1932981371163982,5.0
1.0,1.8389452811060731,6.139942153211019,7.213878350027779,0.06108648,-0.061544627,0.021380268,0.3063630507386385,0.1429217189201257,0.56062177957642,11.987132760085595,17.79694631148582,1.1720055683281163,5.0
6.0,1.9686948,6.288936,7.094719,0.10399973,-0.20967934,0.05253437,0.3229664,0.13193084,0.5505579,14.868751,18.5625,2.7562501,4.0
6.0,1.962447106686052,6.286038729768722,7.097367553309038,0.10399973,-0.20967934,0.05253437,0.3212074218418432,0.1303950433503633,0.5506796838420855,14.867212940406176,18.548642137695527,2.7413128502411346,4.0
6.0,1.94942248151934,6.289339428217413,7.095397381670002,0.10399973,-0.20967934,0.05253437,0.3269374855077004,0.1263045722564303,0.5437425700187739,14.882466311559176,18.562567260043473,2.7664474499116247,4.0
6.0,1.973408409376033,6.284434745258081,7.100078565452625,0.10399973,-0.20967934,0.05253437,0.333136972884353,0.1393563789730355,0.5643892996330171,14.86109388546198,18.55445354168617,2.7608988839578332,4.0
6.0,1.972535252484794,6.2705101285555465,7.078245639769934,0.10399973,-0.20967934,0.05253437,0.3120546426371129,0.1429151143439943,0.5416615694827787,14.869960723613188,18.575080873999926,2.7521910576816686,4.0
6.0,1.9717539374077508,6.292858583856172,7.096071030304259,0.10399973,-0.20967934,0.05253437,0.3065136903821154,0.1187142846329958,0.569373812240291,14.87826280736706,18.582646301858524,2.757781511159175,4.0
3.0,1.9070797,6.166304,7.2287173,0.1989892,-0.35353798,0.11270455,0.32146475,0.12343995,0.551584,13.33125,18.73125,2.2875001,0.0
3.0,1.925731199502716,6.13926196866354,7.219423960456444,0.1989892,-0.35353798,0.11270455,0.3216072749696146,0.1111763327427543,0.5562114471592121,13.32705973889914,18.720086900032623,2.2976526045446275,0.0
3.0,1.8952221645204552,6.1657923506304355,7.225915806176976,0.1989892,-0.35353798,0.11270455,0.3314830025577017,0.1268763004052627,0.546869831303817,13.324323522403716,18.724846941022676,2.2706950504032384,0.0
3.0,1.9145273866137724,6.1555085779008705,7.211108738996538,0.1989892,-0.35353798,0.11270455,0.3203370019360864,0.1467972934818164,0.5448461523339826,13.343261334253578,18.729468757041417,2.306439292836008,0.0
3.0,1.9111211144525777,6.168912168222959,7.238697598272369,0.1989892,-0.35353798,0.11270455,0.3056238247493688,0.121572576028379,0.5617625608660815,13.350555568459832,18.730014442618614,2.307873565343004,0.0
3.0,1.915362754625068,6.161669553580529,7.2336949502770835,0.1989892,-0.35353798,0.11270455,0.2988783958590912,0.1322352740338978,0.5275550423180121,13.33788097815146,18.733126668876068,2.2688329590080847,0.0
9.0,1.8107685,6.153742,7.1898336,0.054366965,-0.06551525,0.042302385,0.320749,0.1262292,0.5540508,12.150001,17.8875,2.3812501,7.0
9.0,1.812457724561075,6.141186575056175,7.202457799807686,0.054366965,-0.06551525,0.042302385,0.3241300631579806,0.1276643368023078,0.571884017947712,12.14915254404997,17.891857509843685,2.3994299333882427,7.0
9.0,1.8318731338330716,6.144722295744113,7.192776729147986,0.054366965,-0.06551525,0.042302385,0.3182867086165833,0.1532269362081506,0.5465983424010903,12.144739513435267,17.88069517406764,2.382829629764887,7.0
9.0,1.8129947997300748,6.159644887099826,7.164920520848655,0.054366965,-0.06551525,0.042302385,0.3196979380203873,0.1158621735265516,0.5508760092412016,12.149952269904777,17.89080286168095,2.3992161032529324,7.0
9.0,1.812746876303528,6.171600279539169,7.187837479934103,0.054366965,-0.06551525,0.042302385,0.3106382851603668,0.1412289226842752,0.5376078845234321,12.15100030276274,17.887706934953908,2.3777512861711005,7.0
9.0,1.812977698786154,6.16571974428104,7.185480593149136,0.054366965,-0.06551525,0.042302385,0.3336285660105036,0.1351169082151335,0.5639733612205979,12.136422255417276,17.89427596530497,2.387585672819751,7.0
5.0,1.7820547,6.172884,7.353742,0.14691298,-0.22647811,0.07269291,0.31331798,0.12725288,0.55143213,13.575001,18.581251,2.1750002,3.0
5.0,1.7961061557252127,6.178392255892376,7.352776683775396,0.14691298,-0.22647811,0.07269291,0.3127678502161617,0.1285699348343461,0.5524832891104434,13.580018812905974,18.57512191254614,2.1929115874890135,3.0
5.0,1.784401848834825,6.152869956730352,7.357892272912429,0.14691298,-0.22647811,0.07269291,0.3255839127102985,0.1279912201653921,0.5595193229468195,13.58552375331615,18.587034633426764,2.1705999459817433,3.0
5.0,1.7651129396115746,6.167234698063574,7.373641627426607,0.14691298,-0.22647811,0.07269291,0.3211964647436109,0.1334418103303265,0.5442438195188288,13.59151989407012,18.59593616689971,2.1860763337477556,3.0
5.0,1.7774472878962406,6.171014237169211,7.348353719449802,0.14691298,-0.22647811,0.07269291,0.3096643480978586,0.1229428660502031,0.5377499712315713,13.572598794584628,18.57885707026343,2.152123690102124,3.0
5.0,1.77258919708974,6.1657526420578135,7.351762499031114,0.14691298,-0.22647811,0.07269291,0.3001588708470933,0.1449607502137058,0.5505618315289492,13.558370841153373,18.584586333359145,2.1886907622648955,3.0
8.0,1.2933207,5.992226,7.4309106,0.09010255,-0.13622284,0.027488915,0.33936244,0.12947582,0.56298155,10.125,17.1375,2.9250002,6.0
8.0,1.2935935373678282,6.000010658193199,7.429831676993349,0.09010255,-0.13622284,0.027488915,0.3222837889708723,0.1285257178638449,0.5500559597325451,10.125978763620402,17.126434101096425,2.9224342130051673,6.0
8.0,1.286535264744859,5.989629344487016,7.426643472853992,0.09010255,-0.13622284,0.027488915,0.3419801470908635,0.1170318397259906,0.5529597216995972,10.117669237941287,17.134602747845314,2.9077194148739327,6.0
8.0,1.2868678785592298,6.00284816490432,7.427015267564427,0.09010255,-0.13622284,0.027488915,0.3257857069125719,0.119756860466066,0.5439660384744953,10.11792621069812,17.150240568275347,2.9193390006448814,6.0
8.0,1.2959204156265156,5.99906310743224,7.425630307387506,0.09010255,-0.13622284,0.027488915,0.3461352274043507,0.119243288953081,0.5739975492485719,10.127772915918042,17.131921776848543,2.934235840817913,6.0
8.0,1.293744700390635,6.003913188051713,7.428945377306138,0.09010255,-0.13622284,0.027488915,0.3440208343764981,0.1372411072163533,0.5706737495149663,10.115629865529732,17.144879377525463,2.915191726805397,6.0
4.0,1.6941184,6.202196,7.268199,-0.01970039,0.006261364,-0.003817905,0.32296038,0.13445325,0.5628927,12.993751,17.831251,2.04375,9.0
4.0,1.691833577719327,6.203217291655229,7.265805558659672,-0.01970039,0.006261364,-0.003817905,0.3130945360141746,0.1387906759440634,0.5619441302654969,12.990446856981723,17.817173298793858,2.0318225470283298,9.0
4.0,1.694176473577935,6.2056884070931995,7.2719438605216995,-0.01970039,0.006261364,-0.003817905,0.3295042480941338,0.1243710530255627,0.5692897477958193,13.012816326523618,17.832321035990326,2.051402844648765,9.0
4.0,1.6878819668352325,6.196375004628196,7.2770375053870495,-0.01970039,0.006261364,-0.003817905,0.3233722819633154,0.1294760928486136,0.5578945834285786,12.98952325852221,17.818975590544504,2.034568849578326,9.0
4.0,1.6969816848614176,6.208932203732164,7.27210544575326,-0.01970039,0.006261364,-0.003817905,0.3277159677147765,0.1322945655858912,0.5587700911812802,12.993510806886604,17.844213530468156,2.026675385934003,9.0
4.0,1.6785571568391269,6.206592061222992,7.261388292576842,-0.01970039,0.006261364,-0.003817905,0.307656239676442,0.1337433610441301,0.5478903726519893,12.991760080129849,17.84047796052323,2.04408722498447,9.0
1.0,1.3166506,5.9910297,7.4446692,0.09407318,-0.1461494,0.052076224,0.3111464,0.13368176,0.55895483,13.012501,18.75,1.3125,7.0
1.0,1.3274249886731675,5.9890806512525225,7.451045062680803,0.09407318,-0.1461494,0.052076224,0.3062304975468952,0.1259034287504107,0.555206728215749,13.01337952065848,18.744628684645072,1.2975447852311126,7.0
1.0,1.3191968835826418,6.010638353966985,7.452246866092005,0.09407318,-0.1461494,0.052076224,0.3099124171009983,0.1598929324556208,0.5541187691901313,13.006742452426264,18.739649105595348,1.3266249927126668,7.0
1.0,1.300714469918846,5.988766840385357,7.451913895727128,0.09407318,-0.1461494,0.052076224,0.3069072115126994,0.1358636738246134,0.5419202577949767,13.025946987134247,18.74657973294547,1.322986086807567,7.0
1.0,1.3167753440060668,5.980570032872204,7.449569661286629,0.09407318,-0.1461494,0.052076224,0.310967888643276,0.1478903857524271,0.56027877904238,13.010989560472275,18.759289855906864,1.3036523735854413,7.0
1.0,1.3349024154315412,5.997796433803011,7.436088998576721,0.09407318,-0.1461494,0.052076224,0.326675087615154,0.1327364252637539,0.5643881298214496,13.013390108952208,18.747801444738695,1.300325927986325,7.0
2.0,1.4638093,5.979664,7.350751,0.1867719,-0.35231626,0.09666935,0.30565107,0.13393515,0.55576956,13.25625,18.75,1.35,4.0
2.0,1.4543409773664917,5.970191121398424,7.33324479521155,0.1867719,-0.35231626,0.09666935,0.3182840092492344,0.1328120768460164,0.5650675799118233,13.25461672448276,18.753986247201237,1.3439730896613489,4.0
2.0,1.47133020082708,5.973666377063771,7.346748960808516,0.1867719,-0.35231626,0.09666935,0.3042250840702828,0.1391332951014116,0.5498003831218852,13.27407100960932,18.756040031199262,1.3222085396315704,4.0
2.0,1.466377541948647,5.978098810603265,7.353382051897349,0.1867719,-0.35231626,0.09666935,0.3190389026976028,0.1391342726521042,0.5648701501759489,13.240390799548363,18.76633823024565,1.3614829973727829,4.0
2.0,1.4606366672035926,5.9719306957192035,7.35157400961555,0.1867719,-0.35231626,0.09666935,0.3080367591727952,0.1298650594234261,0.5549726177908826,13.238158472058135,18.740788404013603,1.356804875452157,4.0
2.0,1.468074610675885,5.981316481919529,7.358762916365913,0.1867719,-0.35231626,0.09666935,0.3311378343039119,0.1404031161007901,0.5503029135211586,13.24531941988884,18.747884919649614,1.3565513077942324,4.0
9.0,1.6893328,6.0753765,7.413563,0.06704241,-0.14202607,0.024281874,0.31981668,0.12787169,0.5619336,11.306251,18.768751,1.5937501,3.0
9.0,1.6851157758337818,6.082991238039028,7.420566318675255,0.06704241,-0.14202607,0.024281874,0.3126312630618736,0.1511611762933341,0.5536859737136293,11.303484760335555,18.74461247417911,1.6024983915969158,3.0
9.0,1.6803500242381646,6.07172494921382,7.416028849089087,0.06704241,-0.14202607,0.024281874,0.3234801676149988,0.1292285461700413,0.5673599247854588,11.301129071318693,18.766530619323543,1.5837289636193077,3.0
9.0,1.7006204690709863,6.092136696881108,7.409515021581875,0.06704241,-0.14202607,0.024281874,0.3236714369372755,0.1313752660503259,0.5655942821040539,11.290239139057617,18.783317682412942,1.6003607292250932,3.0
9.0,1.6941818861018778,6.0759274167164845,7.4050570693455136,0.06704241,-0.14202607,0.024281874,0.3214961671161482,0.1051447583824565,0.5663697280239753,11.305316942679973,18.783305112942973,1.598152260861855,3.0
9.0,1.6684110745679133,6.0868150640740675,7.413528215742976,0.06704241,-0.14202607,0.024281874,0.3130025335722022,0.1395779150328172,0.5671025216882463,11.303972303480352,18.7578805645098,1.6035109377118986,3.0
